#![allow(dead_code)]
use sokol::gfx as sg;
/*
    #version:1# (machine generated, don't edit!)

    Generated by sokol-shdc (https://github.com/floooh/sokol-tools)

    Cmdline:
        sokol-shdc -i crates/fire/src/render/shader.glsl -o crates/fire/src/render/generated/shader.rs -l hlsl5:metal_macos -f sokol_rust

    Overview:
    =========
    Shader program: 'viewport':
        Get shader desc: viewport_shader_desc(sg::query_backend());
        Vertex Shader: vs_main
        Fragment Shader: ps_main
        Attributes:
    Bindings:
        Uniform block 'params':
            Rust struct: Params
            Bind slot: UB_PARAMS => 0
        Texture 'tex':
            Image type: sg::ImageType::Dim2
            Sample type: sg::ImageSampleType::Float
            Multisampled: false
            Bind slot: VIEW_TEX => 0
        Sampler 'samp_point':
            Type: sg::SamplerType::Filtering
            Bind slot: SMP_SAMP_POINT => 1
        Sampler 'samp_aniso':
            Type: sg::SamplerType::Filtering
            Bind slot: SMP_SAMP_ANISO => 0
*/
pub const UB_PARAMS: usize = 0;
pub const VIEW_TEX: usize = 0;
pub const SMP_SAMP_POINT: usize = 1;
pub const SMP_SAMP_ANISO: usize = 0;
#[repr(C, align(16))]
pub struct Params {
    pub img_size: [f32; 2],
    pub surf_size: [f32; 2],
    pub pan: [f32; 2],
    pub inv_zoom: f32,
    pub exposure: f32,
    pub channel: i32,
    pub tonemap: i32,
    pub is_hdr: i32,
    pub has_image: i32,
    pub linear_sample: i32,
    pub background: i32,
    pub outline: i32,
    pub fb_on: i32,
    pub clear_lin: [f32; 4],
    pub sheet_size: [f32; 2],
    pub cell_a: [f32; 2],
    pub cell_b: [f32; 2],
    pub fb_blend: f32,
    pub fb_max_lod: f32,
    pub surf_origin: [f32; 2],
    pub oct_crop: f32,
    pub oct_hide: f32,
}
/*
    static float4 gl_Position;
    static int gl_VertexIndex;
    struct SPIRV_Cross_Input
    {
        uint gl_VertexIndex : SV_VertexID;
    };

    struct SPIRV_Cross_Output
    {
        float4 gl_Position : SV_Position;
    };

    void vert_main()
    {
        gl_Position = float4((float2(float((gl_VertexIndex << 1) & 2), float(gl_VertexIndex & 2)) * float2(2.0f, -2.0f)) + float2(-1.0f, 1.0f), 0.0f, 1.0f);
    }

    SPIRV_Cross_Output main(SPIRV_Cross_Input stage_input)
    {
        gl_VertexIndex = int(stage_input.gl_VertexIndex);
        vert_main();
        SPIRV_Cross_Output stage_output;
        stage_output.gl_Position = gl_Position;
        return stage_output;
    }
*/
pub const VS_MAIN_SOURCE_HLSL5: [u8; 606] = [
    0x73, 0x74, 0x61, 0x74, 0x69, 0x63, 0x20, 0x66, 0x6c, 0x6f, 0x61, 0x74, 0x34, 0x20, 0x67, 0x6c,
    0x5f, 0x50, 0x6f, 0x73, 0x69, 0x74, 0x69, 0x6f, 0x6e, 0x3b, 0x0a, 0x73, 0x74, 0x61, 0x74, 0x69,
    0x63, 0x20, 0x69, 0x6e, 0x74, 0x20, 0x67, 0x6c, 0x5f, 0x56, 0x65, 0x72, 0x74, 0x65, 0x78, 0x49,
    0x6e, 0x64, 0x65, 0x78, 0x3b, 0x0a, 0x73, 0x74, 0x72, 0x75, 0x63, 0x74, 0x20, 0x53, 0x50, 0x49,
    0x52, 0x56, 0x5f, 0x43, 0x72, 0x6f, 0x73, 0x73, 0x5f, 0x49, 0x6e, 0x70, 0x75, 0x74, 0x0a, 0x7b,
    0x0a, 0x20, 0x20, 0x20, 0x20, 0x75, 0x69, 0x6e, 0x74, 0x20, 0x67, 0x6c, 0x5f, 0x56, 0x65, 0x72,
    0x74, 0x65, 0x78, 0x49, 0x6e, 0x64, 0x65, 0x78, 0x20, 0x3a, 0x20, 0x53, 0x56, 0x5f, 0x56, 0x65,
    0x72, 0x74, 0x65, 0x78, 0x49, 0x44, 0x3b, 0x0a, 0x7d, 0x3b, 0x0a, 0x0a, 0x73, 0x74, 0x72, 0x75,
    0x63, 0x74, 0x20, 0x53, 0x50, 0x49, 0x52, 0x56, 0x5f, 0x43, 0x72, 0x6f, 0x73, 0x73, 0x5f, 0x4f,
    0x75, 0x74, 0x70, 0x75, 0x74, 0x0a, 0x7b, 0x0a, 0x20, 0x20, 0x20, 0x20, 0x66, 0x6c, 0x6f, 0x61,
    0x74, 0x34, 0x20, 0x67, 0x6c, 0x5f, 0x50, 0x6f, 0x73, 0x69, 0x74, 0x69, 0x6f, 0x6e, 0x20, 0x3a,
    0x20, 0x53, 0x56, 0x5f, 0x50, 0x6f, 0x73, 0x69, 0x74, 0x69, 0x6f, 0x6e, 0x3b, 0x0a, 0x7d, 0x3b,
    0x0a, 0x0a, 0x76, 0x6f, 0x69, 0x64, 0x20, 0x76, 0x65, 0x72, 0x74, 0x5f, 0x6d, 0x61, 0x69, 0x6e,
    0x28, 0x29, 0x0a, 0x7b, 0x0a, 0x20, 0x20, 0x20, 0x20, 0x67, 0x6c, 0x5f, 0x50, 0x6f, 0x73, 0x69,
    0x74, 0x69, 0x6f, 0x6e, 0x20, 0x3d, 0x20, 0x66, 0x6c, 0x6f, 0x61, 0x74, 0x34, 0x28, 0x28, 0x66,
    0x6c, 0x6f, 0x61, 0x74, 0x32, 0x28, 0x66, 0x6c, 0x6f, 0x61, 0x74, 0x28, 0x28, 0x67, 0x6c, 0x5f,
    0x56, 0x65, 0x72, 0x74, 0x65, 0x78, 0x49, 0x6e, 0x64, 0x65, 0x78, 0x20, 0x3c, 0x3c, 0x20, 0x31,
    0x29, 0x20, 0x26, 0x20, 0x32, 0x29, 0x2c, 0x20, 0x66, 0x6c, 0x6f, 0x61, 0x74, 0x28, 0x67, 0x6c,
    0x5f, 0x56, 0x65, 0x72, 0x74, 0x65, 0x78, 0x49, 0x6e, 0x64, 0x65, 0x78, 0x20, 0x26, 0x20, 0x32,
    0x29, 0x29, 0x20, 0x2a, 0x20, 0x66, 0x6c, 0x6f, 0x61, 0x74, 0x32, 0x28, 0x32, 0x2e, 0x30, 0x66,
    0x2c, 0x20, 0x2d, 0x32, 0x2e, 0x30, 0x66, 0x29, 0x29, 0x20, 0x2b, 0x20, 0x66, 0x6c, 0x6f, 0x61,
    0x74, 0x32, 0x28, 0x2d, 0x31, 0x2e, 0x30, 0x66, 0x2c, 0x20, 0x31, 0x2e, 0x30, 0x66, 0x29, 0x2c,
    0x20, 0x30, 0x2e, 0x30, 0x66, 0x2c, 0x20, 0x31, 0x2e, 0x30, 0x66, 0x29, 0x3b, 0x0a, 0x7d, 0x0a,
    0x0a, 0x53, 0x50, 0x49, 0x52, 0x56, 0x5f, 0x43, 0x72, 0x6f, 0x73, 0x73, 0x5f, 0x4f, 0x75, 0x74,
    0x70, 0x75, 0x74, 0x20, 0x6d, 0x61, 0x69, 0x6e, 0x28, 0x53, 0x50, 0x49, 0x52, 0x56, 0x5f, 0x43,
    0x72, 0x6f, 0x73, 0x73, 0x5f, 0x49, 0x6e, 0x70, 0x75, 0x74, 0x20, 0x73, 0x74, 0x61, 0x67, 0x65,
    0x5f, 0x69, 0x6e, 0x70, 0x75, 0x74, 0x29, 0x0a, 0x7b, 0x0a, 0x20, 0x20, 0x20, 0x20, 0x67, 0x6c,
    0x5f, 0x56, 0x65, 0x72, 0x74, 0x65, 0x78, 0x49, 0x6e, 0x64, 0x65, 0x78, 0x20, 0x3d, 0x20, 0x69,
    0x6e, 0x74, 0x28, 0x73, 0x74, 0x61, 0x67, 0x65, 0x5f, 0x69, 0x6e, 0x70, 0x75, 0x74, 0x2e, 0x67,
    0x6c, 0x5f, 0x56, 0x65, 0x72, 0x74, 0x65, 0x78, 0x49, 0x6e, 0x64, 0x65, 0x78, 0x29, 0x3b, 0x0a,
    0x20, 0x20, 0x20, 0x20, 0x76, 0x65, 0x72, 0x74, 0x5f, 0x6d, 0x61, 0x69, 0x6e, 0x28, 0x29, 0x3b,
    0x0a, 0x20, 0x20, 0x20, 0x20, 0x53, 0x50, 0x49, 0x52, 0x56, 0x5f, 0x43, 0x72, 0x6f, 0x73, 0x73,
    0x5f, 0x4f, 0x75, 0x74, 0x70, 0x75, 0x74, 0x20, 0x73, 0x74, 0x61, 0x67, 0x65, 0x5f, 0x6f, 0x75,
    0x74, 0x70, 0x75, 0x74, 0x3b, 0x0a, 0x20, 0x20, 0x20, 0x20, 0x73, 0x74, 0x61, 0x67, 0x65, 0x5f,
    0x6f, 0x75, 0x74, 0x70, 0x75, 0x74, 0x2e, 0x67, 0x6c, 0x5f, 0x50, 0x6f, 0x73, 0x69, 0x74, 0x69,
    0x6f, 0x6e, 0x20, 0x3d, 0x20, 0x67, 0x6c, 0x5f, 0x50, 0x6f, 0x73, 0x69, 0x74, 0x69, 0x6f, 0x6e,
    0x3b, 0x0a, 0x20, 0x20, 0x20, 0x20, 0x72, 0x65, 0x74, 0x75, 0x72, 0x6e, 0x20, 0x73, 0x74, 0x61,
    0x67, 0x65, 0x5f, 0x6f, 0x75, 0x74, 0x70, 0x75, 0x74, 0x3b, 0x0a, 0x7d, 0x0a, 0x00,
];
/*
    cbuffer params : register(b0)
    {
        float2 _112_img_size : packoffset(c0);
        float2 _112_surf_size : packoffset(c0.z);
        float2 _112_pan : packoffset(c1);
        float _112_inv_zoom : packoffset(c1.z);
        float _112_exposure : packoffset(c1.w);
        int _112_channel : packoffset(c2);
        int _112_tonemap : packoffset(c2.y);
        int _112_is_hdr : packoffset(c2.z);
        int _112_has_image : packoffset(c2.w);
        int _112_linear_sample : packoffset(c3);
        int _112_background : packoffset(c3.y);
        int _112_outline : packoffset(c3.z);
        int _112_fb_on : packoffset(c3.w);
        float4 _112_clear_lin : packoffset(c4);
        float2 _112_sheet_size : packoffset(c5);
        float2 _112_cell_a : packoffset(c5.z);
        float2 _112_cell_b : packoffset(c6);
        float _112_fb_blend : packoffset(c6.z);
        float _112_fb_max_lod : packoffset(c6.w);
        float2 _112_surf_origin : packoffset(c7);
        float _112_oct_crop : packoffset(c7.z);
        float _112_oct_hide : packoffset(c7.w);
    };

    Texture2D<float4> tex : register(t0);
    SamplerState samp_point : register(s1);
    SamplerState samp_aniso : register(s0);

    static float4 gl_FragCoord;
    static float4 frag_color;

    struct SPIRV_Cross_Input
    {
        float4 gl_FragCoord : SV_Position;
    };

    struct SPIRV_Cross_Output
    {
        float4 frag_color : SV_Target0;
    };

    float mod(float x, float y)
    {
        return x - y * floor(x / y);
    }

    float2 mod(float2 x, float2 y)
    {
        return x - y * floor(x / y);
    }

    float3 mod(float3 x, float3 y)
    {
        return x - y * floor(x / y);
    }

    float4 mod(float4 x, float4 y)
    {
        return x - y * floor(x / y);
    }

    float3 srgb_to_linear(float3 c)
    {
        return lerp(pow(max((c + 0.054999999701976776123046875f.xxx) * 0.947867333889007568359375f.xxx, 0.0f.xxx), 2.400000095367431640625f.xxx), c * 0.077399380505084991455078125f.xxx, step(c, 0.040449999272823333740234375f.xxx));
    }

    float3 backdrop(float2 sp)
    {
        if (_112_background == 0)
        {
            return 0.0f.xxx;
        }
        if (_112_background == 1)
        {
            return 1.0f.xxx;
        }
        if (_112_background == 2)
        {
            float3 param = 0.4000000059604644775390625f.xxx;
            return srgb_to_linear(param);
        }
        float2 _148 = floor(sp * 0.083333335816860198974609375f.xx);
        return ((mod(_148.x + _148.y, 2.0f) < 0.5f) ? 0.449999988079071044921875f : 0.20999999344348907470703125f).xxx;
    }

    float2 texel_center(float2 t, float2 size)
    {
        return (floor(t) + 0.5f.xx) / size;
    }

    float4 sample_cell(float2 f, float2 cell)
    {
        float2 _231 = cell + clamp(f, 0.5f.xx, _112_img_size - 0.5f.xx);
        float4 s;
        if (_112_inv_zoom <= 1.0f)
        {
            float2 param = _231;
            float2 param_1 = _112_sheet_size;
            s = tex.SampleLevel(samp_point, texel_center(param, param_1), 0.0f);
        }
        else
        {
            s = tex.SampleLevel(samp_aniso, _231 / _112_sheet_size, min(log2(_112_inv_zoom), _112_fb_max_lod));
        }
        if (_112_linear_sample == 0)
        {
            float3 param_2 = s.xyz;
            float3 _286 = srgb_to_linear(param_2);
            float4 _671 = s;
            _671.x = _286.x;
            _671.y = _286.y;
            _671.z = _286.z;
            s = _671;
        }
        return s;
    }

    float2 grad_x(float2 size)
    {
        return float2(_112_inv_zoom / size.x, 0.0f);
    }

    float2 grad_y(float2 size)
    {
        return float2(0.0f, _112_inv_zoom / size.y);
    }

    float3 aces(float3 x)
    {
        return clamp((x * ((x * 2.5099999904632568359375f) + 0.02999999932944774627685546875f.xxx)) / ((x * ((x * 2.4300000667572021484375f) + 0.589999973773956298828125f.xxx)) + 0.14000000059604644775390625f.xxx), 0.0f.xxx, 1.0f.xxx);
    }

    float3 reinhard(float3 c)
    {
        return c / (1.0f.xxx + c);
    }

    float4 shade(float4 pos)
    {
        if (_112_has_image == 0)
        {
            return _112_clear_lin;
        }
        float2 _314 = pos.xy - _112_surf_origin;
        float2 _332 = (_112_img_size * 0.5f) + ((_314 - ((_112_surf_size * 0.5f) + _112_pan)) * _112_inv_zoom);
        float _335 = _332.x;
        float _344 = _332.y;
        float _357 = max(max(-_335, _335 - _112_img_size.x), max(-_344, _344 - _112_img_size.y)) / _112_inv_zoom;
        if (((_112_outline != 0) && (_357 > (-0.00390625f))) && (_357 < 0.99609375f))
        {
            float _376 = float(_112_background == 0);
            return float4(_376, _376, _376, 1.0f);
        }
        bool _382 = _335 < 0.0f;
        bool _389;
        if (!_382)
        {
            _389 = _344 < 0.0f;
        }
        else
        {
            _389 = _382;
        }
        bool _398;
        if (!_389)
        {
            _398 = _335 >= _112_img_size.x;
        }
        else
        {
            _398 = _389;
        }
        bool _407;
        if (!_398)
        {
            _407 = _344 >= _112_img_size.y;
        }
        else
        {
            _407 = _398;
        }
        if (_407)
        {
            float2 param = _314;
            return float4(backdrop(param), 1.0f);
        }
        float3 rgb;
        float a;
        if (_112_fb_on != 0)
        {
            float2 param_1 = _332;
            float2 param_2 = _112_cell_a;
            float4 s = sample_cell(param_1, param_2);
            if (_112_fb_blend > 0.0f)
            {
                float2 param_3 = _332;
                float2 param_4 = _112_cell_b;
                s = lerp(s, sample_cell(param_3, param_4), _112_fb_blend.xxxx);
            }
            rgb = s.xyz;
            a = s.w;
        }
        else
        {
            float4 _462;
            if (_112_inv_zoom <= 1.0f)
            {
                float2 param_5 = _332;
                float2 param_6 = _112_img_size;
                _462 = tex.SampleLevel(samp_point, texel_center(param_5, param_6), 0.0f);
            }
            else
            {
                float2 param_7 = _112_img_size;
                float2 param_8 = _112_img_size;
                _462 = tex.SampleGrad(samp_aniso, _332 / _112_img_size, grad_x(param_7), grad_y(param_8));
            }
            rgb = _462.xyz;
            a = _462.w;
            if (_112_linear_sample == 0)
            {
                float3 param_9 = rgb;
                rgb = srgb_to_linear(param_9);
            }
        }
        if (_112_is_hdr != 0)
        {
            rgb *= _112_exposure;
            float3 _520;
            if (_112_tonemap == 1)
            {
                float3 param_10 = rgb;
                _520 = aces(param_10);
            }
            else
            {
                float3 param_11 = rgb;
                _520 = reinhard(param_11);
            }
            rgb = _520;
        }
        float3 outc;
        if (_112_channel == 1)
        {
            outc = rgb.xxx;
        }
        else
        {
            if (_112_channel == 2)
            {
                outc = rgb.yyy;
            }
            else
            {
                if (_112_channel == 3)
                {
                    outc = rgb.zzz;
                }
                else
                {
                    if (_112_channel == 4)
                    {
                        float3 param_12 = a.xxx;
                        outc = srgb_to_linear(param_12).xxx;
                    }
                    else
                    {
                        if (_112_channel == 5)
                        {
                            outc = rgb;
                        }
                        else
                        {
                            outc = rgb;
                            if (a < 0.999000012874603271484375f)
                            {
                                float2 param_13 = _314;
                                outc = (backdrop(param_13) * (1.0f - a)) + (rgb * a);
                            }
                        }
                    }
                }
            }
        }
        if (_112_oct_hide > 0.0f)
        {
            float2 _604 = abs((_332 / _112_img_size) - 0.5f.xx);
            float _613 = _112_oct_crop / max(1.0f - _112_oct_crop, 0.5f);
            float _615 = _604.x;
            float _618 = _604.y;
            if (max(_615 + (_613 * _618), _618 + (_613 * _615)) > 0.5f)
            {
                float2 param_14 = _314;
                outc = lerp(outc, backdrop(param_14), _112_oct_hide.xxx);
            }
        }
        return float4(outc, 1.0f);
    }

    float3 linear_to_srgb(float3 c)
    {
        return lerp((pow(max(c, 0.0f.xxx), 0.4166666567325592041015625f.xxx) * 1.05499994754791259765625f) - 0.054999999701976776123046875f.xxx, c * 12.9200000762939453125f, step(c, 0.003130800090730190277099609375f.xxx));
    }

    void frag_main()
    {
        float4 param = gl_FragCoord;
        float4 _652 = shade(param);
        float3 param_1 = clamp(_652.xyz, 0.0f.xxx, 1.0f.xxx);
        frag_color = float4(linear_to_srgb(param_1), _652.w);
    }

    SPIRV_Cross_Output main(SPIRV_Cross_Input stage_input)
    {
        gl_FragCoord = stage_input.gl_FragCoord;
        gl_FragCoord.w = 1.0 / gl_FragCoord.w;
        frag_main();
        SPIRV_Cross_Output stage_output;
        stage_output.frag_color = frag_color;
        return stage_output;
    }
*/
pub const PS_MAIN_SOURCE_HLSL5: [u8; 8364] = [
    0x63, 0x62, 0x75, 0x66, 0x66, 0x65, 0x72, 0x20, 0x70, 0x61, 0x72, 0x61, 0x6d, 0x73, 0x20, 0x3a,
    0x20, 0x72, 0x65, 0x67, 0x69, 0x73, 0x74, 0x65, 0x72, 0x28, 0x62, 0x30, 0x29, 0x0a, 0x7b, 0x0a,
    0x20, 0x20, 0x20, 0x20, 0x66, 0x6c, 0x6f, 0x61, 0x74, 0x32, 0x20, 0x5f, 0x31, 0x31, 0x32, 0x5f,
    0x69, 0x6d, 0x67, 0x5f, 0x73, 0x69, 0x7a, 0x65, 0x20, 0x3a, 0x20, 0x70, 0x61, 0x63, 0x6b, 0x6f,
    0x66, 0x66, 0x73, 0x65, 0x74, 0x28, 0x63, 0x30, 0x29, 0x3b, 0x0a, 0x20, 0x20, 0x20, 0x20, 0x66,
    0x6c, 0x6f, 0x61, 0x74, 0x32, 0x20, 0x5f, 0x31, 0x31, 0x32, 0x5f, 0x73, 0x75, 0x72, 0x66, 0x5f,
    0x73, 0x69, 0x7a, 0x65, 0x20, 0x3a, 0x20, 0x70, 0x61, 0x63, 0x6b, 0x6f, 0x66, 0x66, 0x73, 0x65,
    0x74, 0x28, 0x63, 0x30, 0x2e, 0x7a, 0x29, 0x3b, 0x0a, 0x20, 0x20, 0x20, 0x20, 0x66, 0x6c, 0x6f,
    0x61, 0x74, 0x32, 0x20, 0x5f, 0x31, 0x31, 0x32, 0x5f, 0x70, 0x61, 0x6e, 0x20, 0x3a, 0x20, 0x70,
    0x61, 0x63, 0x6b, 0x6f, 0x66, 0x66, 0x73, 0x65, 0x74, 0x28, 0x63, 0x31, 0x29, 0x3b, 0x0a, 0x20,
    0x20, 0x20, 0x20, 0x66, 0x6c, 0x6f, 0x61, 0x74, 0x20, 0x5f, 0x31, 0x31, 0x32, 0x5f, 0x69, 0x6e,
    0x76, 0x5f, 0x7a, 0x6f, 0x6f, 0x6d, 0x20, 0x3a, 0x20, 0x70, 0x61, 0x63, 0x6b, 0x6f, 0x66, 0x66,
    0x73, 0x65, 0x74, 0x28, 0x63, 0x31, 0x2e, 0x7a, 0x29, 0x3b, 0x0a, 0x20, 0x20, 0x20, 0x20, 0x66,
    0x6c, 0x6f, 0x61, 0x74, 0x20, 0x5f, 0x31, 0x31, 0x32, 0x5f, 0x65, 0x78, 0x70, 0x6f, 0x73, 0x75,
    0x72, 0x65, 0x20, 0x3a, 0x20, 0x70, 0x61, 0x63, 0x6b, 0x6f, 0x66, 0x66, 0x73, 0x65, 0x74, 0x28,
    0x63, 0x31, 0x2e, 0x77, 0x29, 0x3b, 0x0a, 0x20, 0x20, 0x20, 0x20, 0x69, 0x6e, 0x74, 0x20, 0x5f,
    0x31, 0x31, 0x32, 0x5f, 0x63, 0x68, 0x61, 0x6e, 0x6e, 0x65, 0x6c, 0x20, 0x3a, 0x20, 0x70, 0x61,
    0x63, 0x6b, 0x6f, 0x66, 0x66, 0x73, 0x65, 0x74, 0x28, 0x63, 0x32, 0x29, 0x3b, 0x0a, 0x20, 0x20,
    0x20, 0x20, 0x69, 0x6e, 0x74, 0x20, 0x5f, 0x31, 0x31, 0x32, 0x5f, 0x74, 0x6f, 0x6e, 0x65, 0x6d,
    0x61, 0x70, 0x20, 0x3a, 0x20, 0x70, 0x61, 0x63, 0x6b, 0x6f, 0x66, 0x66, 0x73, 0x65, 0x74, 0x28,
    0x63, 0x32, 0x2e, 0x79, 0x29, 0x3b, 0x0a, 0x20, 0x20, 0x20, 0x20, 0x69, 0x6e, 0x74, 0x20, 0x5f,
    0x31, 0x31, 0x32, 0x5f, 0x69, 0x73, 0x5f, 0x68, 0x64, 0x72, 0x20, 0x3a, 0x20, 0x70, 0x61, 0x63,
    0x6b, 0x6f, 0x66, 0x66, 0x73, 0x65, 0x74, 0x28, 0x63, 0x32, 0x2e, 0x7a, 0x29, 0x3b, 0x0a, 0x20,
    0x20, 0x20, 0x20, 0x69, 0x6e, 0x74, 0x20, 0x5f, 0x31, 0x31, 0x32, 0x5f, 0x68, 0x61, 0x73, 0x5f,
    0x69, 0x6d, 0x61, 0x67, 0x65, 0x20, 0x3a, 0x20, 0x70, 0x61, 0x63, 0x6b, 0x6f, 0x66, 0x66, 0x73,
    0x65, 0x74, 0x28, 0x63, 0x32, 0x2e, 0x77, 0x29, 0x3b, 0x0a, 0x20, 0x20, 0x20, 0x20, 0x69, 0x6e,
    0x74, 0x20, 0x5f, 0x31, 0x31, 0x32, 0x5f, 0x6c, 0x69, 0x6e, 0x65, 0x61, 0x72, 0x5f, 0x73, 0x61,
    0x6d, 0x70, 0x6c, 0x65, 0x20, 0x3a, 0x20, 0x70, 0x61, 0x63, 0x6b, 0x6f, 0x66, 0x66, 0x73, 0x65,
    0x74, 0x28, 0x63, 0x33, 0x29, 0x3b, 0x0a, 0x20, 0x20, 0x20, 0x20, 0x69, 0x6e, 0x74, 0x20, 0x5f,
    0x31, 0x31, 0x32, 0x5f, 0x62, 0x61, 0x63, 0x6b, 0x67, 0x72, 0x6f, 0x75, 0x6e, 0x64, 0x20, 0x3a,
    0x20, 0x70, 0x61, 0x63, 0x6b, 0x6f, 0x66, 0x66, 0x73, 0x65, 0x74, 0x28, 0x63, 0x33, 0x2e, 0x79,
    0x29, 0x3b, 0x0a, 0x20, 0x20, 0x20, 0x20, 0x69, 0x6e, 0x74, 0x20, 0x5f, 0x31, 0x31, 0x32, 0x5f,
    0x6f, 0x75, 0x74, 0x6c, 0x69, 0x6e, 0x65, 0x20, 0x3a, 0x20, 0x70, 0x61, 0x63, 0x6b, 0x6f, 0x66,
    0x66, 0x73, 0x65, 0x74, 0x28, 0x63, 0x33, 0x2e, 0x7a, 0x29, 0x3b, 0x0a, 0x20, 0x20, 0x20, 0x20,
    0x69, 0x6e, 0x74, 0x20, 0x5f, 0x31, 0x31, 0x32, 0x5f, 0x66, 0x62, 0x5f, 0x6f, 0x6e, 0x20, 0x3a,
    0x20, 0x70, 0x61, 0x63, 0x6b, 0x6f, 0x66, 0x66, 0x73, 0x65, 0x74, 0x28, 0x63, 0x33, 0x2e, 0x77,
    0x29, 0x3b, 0x0a, 0x20, 0x20, 0x20, 0x20, 0x66, 0x6c, 0x6f, 0x61, 0x74, 0x34, 0x20, 0x5f, 0x31,
    0x31, 0x32, 0x5f, 0x63, 0x6c, 0x65, 0x61, 0x72, 0x5f, 0x6c, 0x69, 0x6e, 0x20, 0x3a, 0x20, 0x70,
    0x61, 0x63, 0x6b, 0x6f, 0x66, 0x66, 0x73, 0x65, 0x74, 0x28, 0x63, 0x34, 0x29, 0x3b, 0x0a, 0x20,
    0x20, 0x20, 0x20, 0x66, 0x6c, 0x6f, 0x61, 0x74, 0x32, 0x20, 0x5f, 0x31, 0x31, 0x32, 0x5f, 0x73,
    0x68, 0x65, 0x65, 0x74, 0x5f, 0x73, 0x69, 0x7a, 0x65, 0x20, 0x3a, 0x20, 0x70, 0x61, 0x63, 0x6b,
    0x6f, 0x66, 0x66, 0x73, 0x65, 0x74, 0x28, 0x63, 0x35, 0x29, 0x3b, 0x0a, 0x20, 0x20, 0x20, 0x20,
    0x66, 0x6c, 0x6f, 0x61, 0x74, 0x32, 0x20, 0x5f, 0x31, 0x31, 0x32, 0x5f, 0x63, 0x65, 0x6c, 0x6c,
    0x5f, 0x61, 0x20, 0x3a, 0x20, 0x70, 0x61, 0x63, 0x6b, 0x6f, 0x66, 0x66, 0x73, 0x65, 0x74, 0x28,
    0x63, 0x35, 0x2e, 0x7a, 0x29, 0x3b, 0x0a, 0x20, 0x20, 0x20, 0x20, 0x66, 0x6c, 0x6f, 0x61, 0x74,
    0x32, 0x20, 0x5f, 0x31, 0x31, 0x32, 0x5f, 0x63, 0x65, 0x6c, 0x6c, 0x5f, 0x62, 0x20, 0x3a, 0x20,
    0x70, 0x61, 0x63, 0x6b, 0x6f, 0x66, 0x66, 0x73, 0x65, 0x74, 0x28, 0x63, 0x36, 0x29, 0x3b, 0x0a,
    0x20, 0x20, 0x20, 0x20, 0x66, 0x6c, 0x6f, 0x61, 0x74, 0x20, 0x5f, 0x31, 0x31, 0x32, 0x5f, 0x66,
    0x62, 0x5f, 0x62, 0x6c, 0x65, 0x6e, 0x64, 0x20, 0x3a, 0x20, 0x70, 0x61, 0x63, 0x6b, 0x6f, 0x66,
    0x66, 0x73, 0x65, 0x74, 0x28, 0x63, 0x36, 0x2e, 0x7a, 0x29, 0x3b, 0x0a, 0x20, 0x20, 0x20, 0x20,
    0x66, 0x6c, 0x6f, 0x61, 0x74, 0x20, 0x5f, 0x31, 0x31, 0x32, 0x5f, 0x66, 0x62, 0x5f, 0x6d, 0x61,
    0x78, 0x5f, 0x6c, 0x6f, 0x64, 0x20, 0x3a, 0x20, 0x70, 0x61, 0x63, 0x6b, 0x6f, 0x66, 0x66, 0x73,
    0x65, 0x74, 0x28, 0x63, 0x36, 0x2e, 0x77, 0x29, 0x3b, 0x0a, 0x20, 0x20, 0x20, 0x20, 0x66, 0x6c,
    0x6f, 0x61, 0x74, 0x32, 0x20, 0x5f, 0x31, 0x31, 0x32, 0x5f, 0x73, 0x75, 0x72, 0x66, 0x5f, 0x6f,
    0x72, 0x69, 0x67, 0x69, 0x6e, 0x20, 0x3a, 0x20, 0x70, 0x61, 0x63, 0x6b, 0x6f, 0x66, 0x66, 0x73,
    0x65, 0x74, 0x28, 0x63, 0x37, 0x29, 0x3b, 0x0a, 0x20, 0x20, 0x20, 0x20, 0x66, 0x6c, 0x6f, 0x61,
    0x74, 0x20, 0x5f, 0x31, 0x31, 0x32, 0x5f, 0x6f, 0x63, 0x74, 0x5f, 0x63, 0x72, 0x6f, 0x70, 0x20,
    0x3a, 0x20, 0x70, 0x61, 0x63, 0x6b, 0x6f, 0x66, 0x66, 0x73, 0x65, 0x74, 0x28, 0x63, 0x37, 0x2e,
    0x7a, 0x29, 0x3b, 0x0a, 0x20, 0x20, 0x20, 0x20, 0x66, 0x6c, 0x6f, 0x61, 0x74, 0x20, 0x5f, 0x31,
    0x31, 0x32, 0x5f, 0x6f, 0x63, 0x74, 0x5f, 0x68, 0x69, 0x64, 0x65, 0x20, 0x3a, 0x20, 0x70, 0x61,
    0x63, 0x6b, 0x6f, 0x66, 0x66, 0x73, 0x65, 0x74, 0x28, 0x63, 0x37, 0x2e, 0x77, 0x29, 0x3b, 0x0a,
    0x7d, 0x3b, 0x0a, 0x0a, 0x54, 0x65, 0x78, 0x74, 0x75, 0x72, 0x65, 0x32, 0x44, 0x3c, 0x66, 0x6c,
    0x6f, 0x61, 0x74, 0x34, 0x3e, 0x20, 0x74, 0x65, 0x78, 0x20, 0x3a, 0x20, 0x72, 0x65, 0x67, 0x69,
    0x73, 0x74, 0x65, 0x72, 0x28, 0x74, 0x30, 0x29, 0x3b, 0x0a, 0x53, 0x61, 0x6d, 0x70, 0x6c, 0x65,
    0x72, 0x53, 0x74, 0x61, 0x74, 0x65, 0x20, 0x73, 0x61, 0x6d, 0x70, 0x5f, 0x70, 0x6f, 0x69, 0x6e,
    0x74, 0x20, 0x3a, 0x20, 0x72, 0x65, 0x67, 0x69, 0x73, 0x74, 0x65, 0x72, 0x28, 0x73, 0x31, 0x29,
    0x3b, 0x0a, 0x53, 0x61, 0x6d, 0x70, 0x6c, 0x65, 0x72, 0x53, 0x74, 0x61, 0x74, 0x65, 0x20, 0x73,
    0x61, 0x6d, 0x70, 0x5f, 0x61, 0x6e, 0x69, 0x73, 0x6f, 0x20, 0x3a, 0x20, 0x72, 0x65, 0x67, 0x69,
    0x73, 0x74, 0x65, 0x72, 0x28, 0x73, 0x30, 0x29, 0x3b, 0x0a, 0x0a, 0x73, 0x74, 0x61, 0x74, 0x69,
    0x63, 0x20, 0x66, 0x6c, 0x6f, 0x61, 0x74, 0x34, 0x20, 0x67, 0x6c, 0x5f, 0x46, 0x72, 0x61, 0x67,
    0x43, 0x6f, 0x6f, 0x72, 0x64, 0x3b, 0x0a, 0x73, 0x74, 0x61, 0x74, 0x69, 0x63, 0x20, 0x66, 0x6c,
    0x6f, 0x61, 0x74, 0x34, 0x20, 0x66, 0x72, 0x61, 0x67, 0x5f, 0x63, 0x6f, 0x6c, 0x6f, 0x72, 0x3b,
    0x0a, 0x0a, 0x73, 0x74, 0x72, 0x75, 0x63, 0x74, 0x20, 0x53, 0x50, 0x49, 0x52, 0x56, 0x5f, 0x43,
    0x72, 0x6f, 0x73, 0x73, 0x5f, 0x49, 0x6e, 0x70, 0x75, 0x74, 0x0a, 0x7b, 0x0a, 0x20, 0x20, 0x20,
    0x20, 0x66, 0x6c, 0x6f, 0x61, 0x74, 0x34, 0x20, 0x67, 0x6c, 0x5f, 0x46, 0x72, 0x61, 0x67, 0x43,
    0x6f, 0x6f, 0x72, 0x64, 0x20, 0x3a, 0x20, 0x53, 0x56, 0x5f, 0x50, 0x6f, 0x73, 0x69, 0x74, 0x69,
    0x6f, 0x6e, 0x3b, 0x0a, 0x7d, 0x3b, 0x0a, 0x0a, 0x73, 0x74, 0x72, 0x75, 0x63, 0x74, 0x20, 0x53,
    0x50, 0x49, 0x52, 0x56, 0x5f, 0x43, 0x72, 0x6f, 0x73, 0x73, 0x5f, 0x4f, 0x75, 0x74, 0x70, 0x75,
    0x74, 0x0a, 0x7b, 0x0a, 0x20, 0x20, 0x20, 0x20, 0x66, 0x6c, 0x6f, 0x61, 0x74, 0x34, 0x20, 0x66,
    0x72, 0x61, 0x67, 0x5f, 0x63, 0x6f, 0x6c, 0x6f, 0x72, 0x20, 0x3a, 0x20, 0x53, 0x56, 0x5f, 0x54,
    0x61, 0x72, 0x67, 0x65, 0x74, 0x30, 0x3b, 0x0a, 0x7d, 0x3b, 0x0a, 0x0a, 0x66, 0x6c, 0x6f, 0x61,
    0x74, 0x20, 0x6d, 0x6f, 0x64, 0x28, 0x66, 0x6c, 0x6f, 0x61, 0x74, 0x20, 0x78, 0x2c, 0x20, 0x66,
    0x6c, 0x6f, 0x61, 0x74, 0x20, 0x79, 0x29, 0x0a, 0x7b, 0x0a, 0x20, 0x20, 0x20, 0x20, 0x72, 0x65,
    0x74, 0x75, 0x72, 0x6e, 0x20, 0x78, 0x20, 0x2d, 0x20, 0x79, 0x20, 0x2a, 0x20, 0x66, 0x6c, 0x6f,
    0x6f, 0x72, 0x28, 0x78, 0x20, 0x2f, 0x20, 0x79, 0x29, 0x3b, 0x0a, 0x7d, 0x0a, 0x0a, 0x66, 0x6c,
    0x6f, 0x61, 0x74, 0x32, 0x20, 0x6d, 0x6f, 0x64, 0x28, 0x66, 0x6c, 0x6f, 0x61, 0x74, 0x32, 0x20,
    0x78, 0x2c, 0x20, 0x66, 0x6c, 0x6f, 0x61, 0x74, 0x32, 0x20, 0x79, 0x29, 0x0a, 0x7b, 0x0a, 0x20,
    0x20, 0x20, 0x20, 0x72, 0x65, 0x74, 0x75, 0x72, 0x6e, 0x20, 0x78, 0x20, 0x2d, 0x20, 0x79, 0x20,
    0x2a, 0x20, 0x66, 0x6c, 0x6f, 0x6f, 0x72, 0x28, 0x78, 0x20, 0x2f, 0x20, 0x79, 0x29, 0x3b, 0x0a,
    0x7d, 0x0a, 0x0a, 0x66, 0x6c, 0x6f, 0x61, 0x74, 0x33, 0x20, 0x6d, 0x6f, 0x64, 0x28, 0x66, 0x6c,
    0x6f, 0x61, 0x74, 0x33, 0x20, 0x78, 0x2c, 0x20, 0x66, 0x6c, 0x6f, 0x61, 0x74, 0x33, 0x20, 0x79,
    0x29, 0x0a, 0x7b, 0x0a, 0x20, 0x20, 0x20, 0x20, 0x72, 0x65, 0x74, 0x75, 0x72, 0x6e, 0x20, 0x78,
    0x20, 0x2d, 0x20, 0x79, 0x20, 0x2a, 0x20, 0x66, 0x6c, 0x6f, 0x6f, 0x72, 0x28, 0x78, 0x20, 0x2f,
    0x20, 0x79, 0x29, 0x3b, 0x0a, 0x7d, 0x0a, 0x0a, 0x66, 0x6c, 0x6f, 0x61, 0x74, 0x34, 0x20, 0x6d,
    0x6f, 0x64, 0x28, 0x66, 0x6c, 0x6f, 0x61, 0x74, 0x34, 0x20, 0x78, 0x2c, 0x20, 0x66, 0x6c, 0x6f,
    0x61, 0x74, 0x34, 0x20, 0x79, 0x29, 0x0a, 0x7b, 0x0a, 0x20, 0x20, 0x20, 0x20, 0x72, 0x65, 0x74,
    0x75, 0x72, 0x6e, 0x20, 0x78, 0x20, 0x2d, 0x20, 0x79, 0x20, 0x2a, 0x20, 0x66, 0x6c, 0x6f, 0x6f,
    0x72, 0x28, 0x78, 0x20, 0x2f, 0x20, 0x79, 0x29, 0x3b, 0x0a, 0x7d, 0x0a, 0x0a, 0x66, 0x6c, 0x6f,
    0x61, 0x74, 0x33, 0x20, 0x73, 0x72, 0x67, 0x62, 0x5f, 0x74, 0x6f, 0x5f, 0x6c, 0x69, 0x6e, 0x65,
    0x61, 0x72, 0x28, 0x66, 0x6c, 0x6f, 0x61, 0x74, 0x33, 0x20, 0x63, 0x29, 0x0a, 0x7b, 0x0a, 0x20,
    0x20, 0x20, 0x20, 0x72, 0x65, 0x74, 0x75, 0x72, 0x6e, 0x20, 0x6c, 0x65, 0x72, 0x70, 0x28, 0x70,
    0x6f, 0x77, 0x28, 0x6d, 0x61, 0x78, 0x28, 0x28, 0x63, 0x20, 0x2b, 0x20, 0x30, 0x2e, 0x30, 0x35,
    0x34, 0x39, 0x39, 0x39, 0x39, 0x39, 0x39, 0x37, 0x30, 0x31, 0x39, 0x37, 0x36, 0x37, 0x37, 0x36,
    0x31, 0x32, 0x33, 0x30, 0x34, 0x36, 0x38, 0x37, 0x35, 0x66, 0x2e, 0x78, 0x78, 0x78, 0x29, 0x20,
    0x2a, 0x20, 0x30, 0x2e, 0x39, 0x34, 0x37, 0x38, 0x36, 0x37, 0x33, 0x33, 0x33, 0x38, 0x38, 0x39,
    0x30, 0x30, 0x37, 0x35, 0x36, 0x38, 0x33, 0x35, 0x39, 0x33, 0x37, 0x35, 0x66, 0x2e, 0x78, 0x78,
    0x78, 0x2c, 0x20, 0x30, 0x2e, 0x30, 0x66, 0x2e, 0x78, 0x78, 0x78, 0x29, 0x2c, 0x20, 0x32, 0x2e,
    0x34, 0x30, 0x30, 0x30, 0x30, 0x30, 0x30, 0x39, 0x35, 0x33, 0x36, 0x37, 0x34, 0x33, 0x31, 0x36,
    0x34, 0x30, 0x36, 0x32, 0x35, 0x66, 0x2e, 0x78, 0x78, 0x78, 0x29, 0x2c, 0x20, 0x63, 0x20, 0x2a,
    0x20, 0x30, 0x2e, 0x30, 0x37, 0x37, 0x33, 0x39, 0x39, 0x33, 0x38, 0x30, 0x35, 0x30, 0x35, 0x30,
    0x38, 0x34, 0x39, 0x39, 0x31, 0x34, 0x35, 0x35, 0x30, 0x37, 0x38, 0x31, 0x32, 0x35, 0x66, 0x2e,
    0x78, 0x78, 0x78, 0x2c, 0x20, 0x73, 0x74, 0x65, 0x70, 0x28, 0x63, 0x2c, 0x20, 0x30, 0x2e, 0x30,
    0x34, 0x30, 0x34, 0x34, 0x39, 0x39, 0x39, 0x39, 0x32, 0x37, 0x32, 0x38, 0x32, 0x33, 0x33, 0x33,
    0x33, 0x37, 0x34, 0x30, 0x32, 0x33, 0x34, 0x33, 0x37, 0x35, 0x66, 0x2e, 0x78, 0x78, 0x78, 0x29,
    0x29, 0x3b, 0x0a, 0x7d, 0x0a, 0x0a, 0x66, 0x6c, 0x6f, 0x61, 0x74, 0x33, 0x20, 0x62, 0x61, 0x63,
    0x6b, 0x64, 0x72, 0x6f, 0x70, 0x28, 0x66, 0x6c, 0x6f, 0x61, 0x74, 0x32, 0x20, 0x73, 0x70, 0x29,
    0x0a, 0x7b, 0x0a, 0x20, 0x20, 0x20, 0x20, 0x69, 0x66, 0x20, 0x28, 0x5f, 0x31, 0x31, 0x32, 0x5f,
    0x62, 0x61, 0x63, 0x6b, 0x67, 0x72, 0x6f, 0x75, 0x6e, 0x64, 0x20, 0x3d, 0x3d, 0x20, 0x30, 0x29,
    0x0a, 0x20, 0x20, 0x20, 0x20, 0x7b, 0x0a, 0x20, 0x20, 0x20, 0x20, 0x20, 0x20, 0x20, 0x20, 0x72,
    0x65, 0x74, 0x75, 0x72, 0x6e, 0x20, 0x30, 0x2e, 0x30, 0x66, 0x2e, 0x78, 0x78, 0x78, 0x3b, 0x0a,
    0x20, 0x20, 0x20, 0x20, 0x7d, 0x0a, 0x20, 0x20, 0x20, 0x20, 0x69, 0x66, 0x20, 0x28, 0x5f, 0x31,
    0x31, 0x32, 0x5f, 0x62, 0x61, 0x63, 0x6b, 0x67, 0x72, 0x6f, 0x75, 0x6e, 0x64, 0x20, 0x3d, 0x3d,
    0x20, 0x31, 0x29, 0x0a, 0x20, 0x20, 0x20, 0x20, 0x7b, 0x0a, 0x20, 0x20, 0x20, 0x20, 0x20, 0x20,
    0x20, 0x20, 0x72, 0x65, 0x74, 0x75, 0x72, 0x6e, 0x20, 0x31, 0x2e, 0x30, 0x66, 0x2e, 0x78, 0x78,
    0x78, 0x3b, 0x0a, 0x20, 0x20, 0x20, 0x20, 0x7d, 0x0a, 0x20, 0x20, 0x20, 0x20, 0x69, 0x66, 0x20,
    0x28, 0x5f, 0x31, 0x31, 0x32, 0x5f, 0x62, 0x61, 0x63, 0x6b, 0x67, 0x72, 0x6f, 0x75, 0x6e, 0x64,
    0x20, 0x3d, 0x3d, 0x20, 0x32, 0x29, 0x0a, 0x20, 0x20, 0x20, 0x20, 0x7b, 0x0a, 0x20, 0x20, 0x20,
    0x20, 0x20, 0x20, 0x20, 0x20, 0x66, 0x6c, 0x6f, 0x61, 0x74, 0x33, 0x20, 0x70, 0x61, 0x72, 0x61,
    0x6d, 0x20, 0x3d, 0x20, 0x30, 0x2e, 0x34, 0x30, 0x30, 0x30, 0x30, 0x30, 0x30, 0x30, 0x35, 0x39,
    0x36, 0x30, 0x34, 0x36, 0x34, 0x34, 0x37, 0x37, 0x35, 0x33, 0x39, 0x30, 0x36, 0x32, 0x35, 0x66,
    0x2e, 0x78, 0x78, 0x78, 0x3b, 0x0a, 0x20, 0x20, 0x20, 0x20, 0x20, 0x20, 0x20, 0x20, 0x72, 0x65,
    0x74, 0x75, 0x72, 0x6e, 0x20, 0x73, 0x72, 0x67, 0x62, 0x5f, 0x74, 0x6f, 0x5f, 0x6c, 0x69, 0x6e,
    0x65, 0x61, 0x72, 0x28, 0x70, 0x61, 0x72, 0x61, 0x6d, 0x29, 0x3b, 0x0a, 0x20, 0x20, 0x20, 0x20,
    0x7d, 0x0a, 0x20, 0x20, 0x20, 0x20, 0x66, 0x6c, 0x6f, 0x61, 0x74, 0x32, 0x20, 0x5f, 0x31, 0x34,
    0x38, 0x20, 0x3d, 0x20, 0x66, 0x6c, 0x6f, 0x6f, 0x72, 0x28, 0x73, 0x70, 0x20, 0x2a, 0x20, 0x30,
    0x2e, 0x30, 0x38, 0x33, 0x33, 0x33, 0x33, 0x33, 0x33, 0x35, 0x38, 0x31, 0x36, 0x38, 0x36, 0x30,
    0x31, 0x39, 0x38, 0x39, 0x37, 0x34, 0x36, 0x30, 0x39, 0x33, 0x37, 0x35, 0x66, 0x2e, 0x78, 0x78,
    0x29, 0x3b, 0x0a, 0x20, 0x20, 0x20, 0x20, 0x72, 0x65, 0x74, 0x75, 0x72, 0x6e, 0x20, 0x28, 0x28,
    0x6d, 0x6f, 0x64, 0x28, 0x5f, 0x31, 0x34, 0x38, 0x2e, 0x78, 0x20, 0x2b, 0x20, 0x5f, 0x31, 0x34,
    0x38, 0x2e, 0x79, 0x2c, 0x20, 0x32, 0x2e, 0x30, 0x66, 0x29, 0x20, 0x3c, 0x20, 0x30, 0x2e, 0x35,
    0x66, 0x29, 0x20, 0x3f, 0x20, 0x30, 0x2e, 0x34, 0x34, 0x39, 0x39, 0x39, 0x39, 0x39, 0x38, 0x38,
    0x30, 0x37, 0x39, 0x30, 0x37, 0x31, 0x30, 0x34, 0x34, 0x39, 0x32, 0x31, 0x38, 0x37, 0x35, 0x66,
    0x20, 0x3a, 0x20, 0x30, 0x2e, 0x32, 0x30, 0x39, 0x39, 0x39, 0x39, 0x39, 0x39, 0x33, 0x34, 0x34,
    0x33, 0x34, 0x38, 0x39, 0x30, 0x37, 0x34, 0x37, 0x30, 0x37, 0x30, 0x33, 0x31, 0x32, 0x35, 0x66,
    0x29, 0x2e, 0x78, 0x78, 0x78, 0x3b, 0x0a, 0x7d, 0x0a, 0x0a, 0x66, 0x6c, 0x6f, 0x61, 0x74, 0x32,
    0x20, 0x74, 0x65, 0x78, 0x65, 0x6c, 0x5f, 0x63, 0x65, 0x6e, 0x74, 0x65, 0x72, 0x28, 0x66, 0x6c,
    0x6f, 0x61, 0x74, 0x32, 0x20, 0x74, 0x2c, 0x20, 0x66, 0x6c, 0x6f, 0x61, 0x74, 0x32, 0x20, 0x73,
    0x69, 0x7a, 0x65, 0x29, 0x0a, 0x7b, 0x0a, 0x20, 0x20, 0x20, 0x20, 0x72, 0x65, 0x74, 0x75, 0x72,
    0x6e, 0x20, 0x28, 0x66, 0x6c, 0x6f, 0x6f, 0x72, 0x28, 0x74, 0x29, 0x20, 0x2b, 0x20, 0x30, 0x2e,
    0x35, 0x66, 0x2e, 0x78, 0x78, 0x29, 0x20, 0x2f, 0x20, 0x73, 0x69, 0x7a, 0x65, 0x3b, 0x0a, 0x7d,
    0x0a, 0x0a, 0x66, 0x6c, 0x6f, 0x61, 0x74, 0x34, 0x20, 0x73, 0x61, 0x6d, 0x70, 0x6c, 0x65, 0x5f,
    0x63, 0x65, 0x6c, 0x6c, 0x28, 0x66, 0x6c, 0x6f, 0x61, 0x74, 0x32, 0x20, 0x66, 0x2c, 0x20, 0x66,
    0x6c, 0x6f, 0x61, 0x74, 0x32, 0x20, 0x63, 0x65, 0x6c, 0x6c, 0x29, 0x0a, 0x7b, 0x0a, 0x20, 0x20,
    0x20, 0x20, 0x66, 0x6c, 0x6f, 0x61, 0x74, 0x32, 0x20, 0x5f, 0x32, 0x33, 0x31, 0x20, 0x3d, 0x20,
    0x63, 0x65, 0x6c, 0x6c, 0x20, 0x2b, 0x20, 0x63, 0x6c, 0x61, 0x6d, 0x70, 0x28, 0x66, 0x2c, 0x20,
    0x30, 0x2e, 0x35, 0x66, 0x2e, 0x78, 0x78, 0x2c, 0x20, 0x5f, 0x31, 0x31, 0x32, 0x5f, 0x69, 0x6d,
    0x67, 0x5f, 0x73, 0x69, 0x7a, 0x65, 0x20, 0x2d, 0x20, 0x30, 0x2e, 0x35, 0x66, 0x2e, 0x78, 0x78,
    0x29, 0x3b, 0x0a, 0x20, 0x20, 0x20, 0x20, 0x66, 0x6c, 0x6f, 0x61, 0x74, 0x34, 0x20, 0x73, 0x3b,
    0x0a, 0x20, 0x20, 0x20, 0x20, 0x69, 0x66, 0x20, 0x28, 0x5f, 0x31, 0x31, 0x32, 0x5f, 0x69, 0x6e,
    0x76, 0x5f, 0x7a, 0x6f, 0x6f, 0x6d, 0x20, 0x3c, 0x3d, 0x20, 0x31, 0x2e, 0x30, 0x66, 0x29, 0x0a,
    0x20, 0x20, 0x20, 0x20, 0x7b, 0x0a, 0x20, 0x20, 0x20, 0x20, 0x20, 0x20, 0x20, 0x20, 0x66, 0x6c,
    0x6f, 0x61, 0x74, 0x32, 0x20, 0x70, 0x61, 0x72, 0x61, 0x6d, 0x20, 0x3d, 0x20, 0x5f, 0x32, 0x33,
    0x31, 0x3b, 0x0a, 0x20, 0x20, 0x20, 0x20, 0x20, 0x20, 0x20, 0x20, 0x66, 0x6c, 0x6f, 0x61, 0x74,
    0x32, 0x20, 0x70, 0x61, 0x72, 0x61, 0x6d, 0x5f, 0x31, 0x20, 0x3d, 0x20, 0x5f, 0x31, 0x31, 0x32,
    0x5f, 0x73, 0x68, 0x65, 0x65, 0x74, 0x5f, 0x73, 0x69, 0x7a, 0x65, 0x3b, 0x0a, 0x20, 0x20, 0x20,
    0x20, 0x20, 0x20, 0x20, 0x20, 0x73, 0x20, 0x3d, 0x20, 0x74, 0x65, 0x78, 0x2e, 0x53, 0x61, 0x6d,
    0x70, 0x6c, 0x65, 0x4c, 0x65, 0x76, 0x65, 0x6c, 0x28, 0x73, 0x61, 0x6d, 0x70, 0x5f, 0x70, 0x6f,
    0x69, 0x6e, 0x74, 0x2c, 0x20, 0x74, 0x65, 0x78, 0x65, 0x6c, 0x5f, 0x63, 0x65, 0x6e, 0x74, 0x65,
    0x72, 0x28, 0x70, 0x61, 0x72, 0x61, 0x6d, 0x2c, 0x20, 0x70, 0x61, 0x72, 0x61, 0x6d, 0x5f, 0x31,
    0x29, 0x2c, 0x20, 0x30, 0x2e, 0x30, 0x66, 0x29, 0x3b, 0x0a, 0x20, 0x20, 0x20, 0x20, 0x7d, 0x0a,
    0x20, 0x20, 0x20, 0x20, 0x65, 0x6c, 0x73, 0x65, 0x0a, 0x20, 0x20, 0x20, 0x20, 0x7b, 0x0a, 0x20,
    0x20, 0x20, 0x20, 0x20, 0x20, 0x20, 0x20, 0x73, 0x20, 0x3d, 0x20, 0x74, 0x65, 0x78, 0x2e, 0x53,
    0x61, 0x6d, 0x70, 0x6c, 0x65, 0x4c, 0x65, 0x76, 0x65, 0x6c, 0x28, 0x73, 0x61, 0x6d, 0x70, 0x5f,
    0x61, 0x6e, 0x69, 0x73, 0x6f, 0x2c, 0x20, 0x5f, 0x32, 0x33, 0x31, 0x20, 0x2f, 0x20, 0x5f, 0x31,
    0x31, 0x32, 0x5f, 0x73, 0x68, 0x65, 0x65, 0x74, 0x5f, 0x73, 0x69, 0x7a, 0x65, 0x2c, 0x20, 0x6d,
    0x69, 0x6e, 0x28, 0x6c, 0x6f, 0x67, 0x32, 0x28, 0x5f, 0x31, 0x31, 0x32, 0x5f, 0x69, 0x6e, 0x76,
    0x5f, 0x7a, 0x6f, 0x6f, 0x6d, 0x29, 0x2c, 0x20, 0x5f, 0x31, 0x31, 0x32, 0x5f, 0x66, 0x62, 0x5f,
    0x6d, 0x61, 0x78, 0x5f, 0x6c, 0x6f, 0x64, 0x29, 0x29, 0x3b, 0x0a, 0x20, 0x20, 0x20, 0x20, 0x7d,
    0x0a, 0x20, 0x20, 0x20, 0x20, 0x69, 0x66, 0x20, 0x28, 0x5f, 0x31, 0x31, 0x32, 0x5f, 0x6c, 0x69,
    0x6e, 0x65, 0x61, 0x72, 0x5f, 0x73, 0x61, 0x6d, 0x70, 0x6c, 0x65, 0x20, 0x3d, 0x3d, 0x20, 0x30,
    0x29, 0x0a, 0x20, 0x20, 0x20, 0x20, 0x7b, 0x0a, 0x20, 0x20, 0x20, 0x20, 0x20, 0x20, 0x20, 0x20,
    0x66, 0x6c, 0x6f, 0x61, 0x74, 0x33, 0x20, 0x70, 0x61, 0x72, 0x61, 0x6d, 0x5f, 0x32, 0x20, 0x3d,
    0x20, 0x73, 0x2e, 0x78, 0x79, 0x7a, 0x3b, 0x0a, 0x20, 0x20, 0x20, 0x20, 0x20, 0x20, 0x20, 0x20,
    0x66, 0x6c, 0x6f, 0x61, 0x74, 0x33, 0x20, 0x5f, 0x32, 0x38, 0x36, 0x20, 0x3d, 0x20, 0x73, 0x72,
    0x67, 0x62, 0x5f, 0x74, 0x6f, 0x5f, 0x6c, 0x69, 0x6e, 0x65, 0x61, 0x72, 0x28, 0x70, 0x61, 0x72,
    0x61, 0x6d, 0x5f, 0x32, 0x29, 0x3b, 0x0a, 0x20, 0x20, 0x20, 0x20, 0x20, 0x20, 0x20, 0x20, 0x66,
    0x6c, 0x6f, 0x61, 0x74, 0x34, 0x20, 0x5f, 0x36, 0x37, 0x31, 0x20, 0x3d, 0x20, 0x73, 0x3b, 0x0a,
    0x20, 0x20, 0x20, 0x20, 0x20, 0x20, 0x20, 0x20, 0x5f, 0x36, 0x37, 0x31, 0x2e, 0x78, 0x20, 0x3d,
    0x20, 0x5f, 0x32, 0x38, 0x36, 0x2e, 0x78, 0x3b, 0x0a, 0x20, 0x20, 0x20, 0x20, 0x20, 0x20, 0x20,
    0x20, 0x5f, 0x36, 0x37, 0x31, 0x2e, 0x79, 0x20, 0x3d, 0x20, 0x5f, 0x32, 0x38, 0x36, 0x2e, 0x79,
    0x3b, 0x0a, 0x20, 0x20, 0x20, 0x20, 0x20, 0x20, 0x20, 0x20, 0x5f, 0x36, 0x37, 0x31, 0x2e, 0x7a,
    0x20, 0x3d, 0x20, 0x5f, 0x32, 0x38, 0x36, 0x2e, 0x7a, 0x3b, 0x0a, 0x20, 0x20, 0x20, 0x20, 0x20,
    0x20, 0x20, 0x20, 0x73, 0x20, 0x3d, 0x20, 0x5f, 0x36, 0x37, 0x31, 0x3b, 0x0a, 0x20, 0x20, 0x20,
    0x20, 0x7d, 0x0a, 0x20, 0x20, 0x20, 0x20, 0x72, 0x65, 0x74, 0x75, 0x72, 0x6e, 0x20, 0x73, 0x3b,
    0x0a, 0x7d, 0x0a, 0x0a, 0x66, 0x6c, 0x6f, 0x61, 0x74, 0x32, 0x20, 0x67, 0x72, 0x61, 0x64, 0x5f,
    0x78, 0x28, 0x66, 0x6c, 0x6f, 0x61, 0x74, 0x32, 0x20, 0x73, 0x69, 0x7a, 0x65, 0x29, 0x0a, 0x7b,
    0x0a, 0x20, 0x20, 0x20, 0x20, 0x72, 0x65, 0x74, 0x75, 0x72, 0x6e, 0x20, 0x66, 0x6c, 0x6f, 0x61,
    0x74, 0x32, 0x28, 0x5f, 0x31, 0x31, 0x32, 0x5f, 0x69, 0x6e, 0x76, 0x5f, 0x7a, 0x6f, 0x6f, 0x6d,
    0x20, 0x2f, 0x20, 0x73, 0x69, 0x7a, 0x65, 0x2e, 0x78, 0x2c, 0x20, 0x30, 0x2e, 0x30, 0x66, 0x29,
    0x3b, 0x0a, 0x7d, 0x0a, 0x0a, 0x66, 0x6c, 0x6f, 0x61, 0x74, 0x32, 0x20, 0x67, 0x72, 0x61, 0x64,
    0x5f, 0x79, 0x28, 0x66, 0x6c, 0x6f, 0x61, 0x74, 0x32, 0x20, 0x73, 0x69, 0x7a, 0x65, 0x29, 0x0a,
    0x7b, 0x0a, 0x20, 0x20, 0x20, 0x20, 0x72, 0x65, 0x74, 0x75, 0x72, 0x6e, 0x20, 0x66, 0x6c, 0x6f,
    0x61, 0x74, 0x32, 0x28, 0x30, 0x2e, 0x30, 0x66, 0x2c, 0x20, 0x5f, 0x31, 0x31, 0x32, 0x5f, 0x69,
    0x6e, 0x76, 0x5f, 0x7a, 0x6f, 0x6f, 0x6d, 0x20, 0x2f, 0x20, 0x73, 0x69, 0x7a, 0x65, 0x2e, 0x79,
    0x29, 0x3b, 0x0a, 0x7d, 0x0a, 0x0a, 0x66, 0x6c, 0x6f, 0x61, 0x74, 0x33, 0x20, 0x61, 0x63, 0x65,
    0x73, 0x28, 0x66, 0x6c, 0x6f, 0x61, 0x74, 0x33, 0x20, 0x78, 0x29, 0x0a, 0x7b, 0x0a, 0x20, 0x20,
    0x20, 0x20, 0x72, 0x65, 0x74, 0x75, 0x72, 0x6e, 0x20, 0x63, 0x6c, 0x61, 0x6d, 0x70, 0x28, 0x28,
    0x78, 0x20, 0x2a, 0x20, 0x28, 0x28, 0x78, 0x20, 0x2a, 0x20, 0x32, 0x2e, 0x35, 0x30, 0x39, 0x39,
    0x39, 0x39, 0x39, 0x39, 0x30, 0x34, 0x36, 0x33, 0x32, 0x35, 0x36, 0x38, 0x33, 0x35, 0x39, 0x33,
    0x37, 0x35, 0x66, 0x29, 0x20, 0x2b, 0x20, 0x30, 0x2e, 0x30, 0x32, 0x39, 0x39, 0x39, 0x39, 0x39,
    0x39, 0x39, 0x33, 0x32, 0x39, 0x34, 0x34, 0x37, 0x37, 0x34, 0x36, 0x32, 0x37, 0x36, 0x38, 0x35,
    0x35, 0x34, 0x36, 0x38, 0x37, 0x35, 0x66, 0x2e, 0x78, 0x78, 0x78, 0x29, 0x29, 0x20, 0x2f, 0x20,
    0x28, 0x28, 0x78, 0x20, 0x2a, 0x20, 0x28, 0x28, 0x78, 0x20, 0x2a, 0x20, 0x32, 0x2e, 0x34, 0x33,
    0x30, 0x30, 0x30, 0x30, 0x30, 0x36, 0x36, 0x37, 0x35, 0x37, 0x32, 0x30, 0x32, 0x31, 0x34, 0x38,
    0x34, 0x33, 0x37, 0x35, 0x66, 0x29, 0x20, 0x2b, 0x20, 0x30, 0x2e, 0x35, 0x38, 0x39, 0x39, 0x39,
    0x39, 0x39, 0x37, 0x33, 0x37, 0x37, 0x33, 0x39, 0x35, 0x36, 0x32, 0x39, 0x38, 0x38, 0x32, 0x38,
    0x31, 0x32, 0x35, 0x66, 0x2e, 0x78, 0x78, 0x78, 0x29, 0x29, 0x20, 0x2b, 0x20, 0x30, 0x2e, 0x31,
    0x34, 0x30, 0x30, 0x30, 0x30, 0x30, 0x30, 0x30, 0x35, 0x39, 0x36, 0x30, 0x34, 0x36, 0x34, 0x34,
    0x37, 0x37, 0x35, 0x33, 0x39, 0x30, 0x36, 0x32, 0x35, 0x66, 0x2e, 0x78, 0x78, 0x78, 0x29, 0x2c,
    0x20, 0x30, 0x2e, 0x30, 0x66, 0x2e, 0x78, 0x78, 0x78, 0x2c, 0x20, 0x31, 0x2e, 0x30, 0x66, 0x2e,
    0x78, 0x78, 0x78, 0x29, 0x3b, 0x0a, 0x7d, 0x0a, 0x0a, 0x66, 0x6c, 0x6f, 0x61, 0x74, 0x33, 0x20,
    0x72, 0x65, 0x69, 0x6e, 0x68, 0x61, 0x72, 0x64, 0x28, 0x66, 0x6c, 0x6f, 0x61, 0x74, 0x33, 0x20,
    0x63, 0x29, 0x0a, 0x7b, 0x0a, 0x20, 0x20, 0x20, 0x20, 0x72, 0x65, 0x74, 0x75, 0x72, 0x6e, 0x20,
    0x63, 0x20, 0x2f, 0x20, 0x28, 0x31, 0x2e, 0x30, 0x66, 0x2e, 0x78, 0x78, 0x78, 0x20, 0x2b, 0x20,
    0x63, 0x29, 0x3b, 0x0a, 0x7d, 0x0a, 0x0a, 0x66, 0x6c, 0x6f, 0x61, 0x74, 0x34, 0x20, 0x73, 0x68,
    0x61, 0x64, 0x65, 0x28, 0x66, 0x6c, 0x6f, 0x61, 0x74, 0x34, 0x20, 0x70, 0x6f, 0x73, 0x29, 0x0a,
    0x7b, 0x0a, 0x20, 0x20, 0x20, 0x20, 0x69, 0x66, 0x20, 0x28, 0x5f, 0x31, 0x31, 0x32, 0x5f, 0x68,
    0x61, 0x73, 0x5f, 0x69, 0x6d, 0x61, 0x67, 0x65, 0x20, 0x3d, 0x3d, 0x20, 0x30, 0x29, 0x0a, 0x20,
    0x20, 0x20, 0x20, 0x7b, 0x0a, 0x20, 0x20, 0x20, 0x20, 0x20, 0x20, 0x20, 0x20, 0x72, 0x65, 0x74,
    0x75, 0x72, 0x6e, 0x20, 0x5f, 0x31, 0x31, 0x32, 0x5f, 0x63, 0x6c, 0x65, 0x61, 0x72, 0x5f, 0x6c,
    0x69, 0x6e, 0x3b, 0x0a, 0x20, 0x20, 0x20, 0x20, 0x7d, 0x0a, 0x20, 0x20, 0x20, 0x20, 0x66, 0x6c,
    0x6f, 0x61, 0x74, 0x32, 0x20, 0x5f, 0x33, 0x31, 0x34, 0x20, 0x3d, 0x20, 0x70, 0x6f, 0x73, 0x2e,
    0x78, 0x79, 0x20, 0x2d, 0x20, 0x5f, 0x31, 0x31, 0x32, 0x5f, 0x73, 0x75, 0x72, 0x66, 0x5f, 0x6f,
    0x72, 0x69, 0x67, 0x69, 0x6e, 0x3b, 0x0a, 0x20, 0x20, 0x20, 0x20, 0x66, 0x6c, 0x6f, 0x61, 0x74,
    0x32, 0x20, 0x5f, 0x33, 0x33, 0x32, 0x20, 0x3d, 0x20, 0x28, 0x5f, 0x31, 0x31, 0x32, 0x5f, 0x69,
    0x6d, 0x67, 0x5f, 0x73, 0x69, 0x7a, 0x65, 0x20, 0x2a, 0x20, 0x30, 0x2e, 0x35, 0x66, 0x29, 0x20,
    0x2b, 0x20, 0x28, 0x28, 0x5f, 0x33, 0x31, 0x34, 0x20, 0x2d, 0x20, 0x28, 0x28, 0x5f, 0x31, 0x31,
    0x32, 0x5f, 0x73, 0x75, 0x72, 0x66, 0x5f, 0x73, 0x69, 0x7a, 0x65, 0x20, 0x2a, 0x20, 0x30, 0x2e,
    0x35, 0x66, 0x29, 0x20, 0x2b, 0x20, 0x5f, 0x31, 0x31, 0x32, 0x5f, 0x70, 0x61, 0x6e, 0x29, 0x29,
    0x20, 0x2a, 0x20, 0x5f, 0x31, 0x31, 0x32, 0x5f, 0x69, 0x6e, 0x76, 0x5f, 0x7a, 0x6f, 0x6f, 0x6d,
    0x29, 0x3b, 0x0a, 0x20, 0x20, 0x20, 0x20, 0x66, 0x6c, 0x6f, 0x61, 0x74, 0x20, 0x5f, 0x33, 0x33,
    0x35, 0x20, 0x3d, 0x20, 0x5f, 0x33, 0x33, 0x32, 0x2e, 0x78, 0x3b, 0x0a, 0x20, 0x20, 0x20, 0x20,
    0x66, 0x6c, 0x6f, 0x61, 0x74, 0x20, 0x5f, 0x33, 0x34, 0x34, 0x20, 0x3d, 0x20, 0x5f, 0x33, 0x33,
    0x32, 0x2e, 0x79, 0x3b, 0x0a, 0x20, 0x20, 0x20, 0x20, 0x66, 0x6c, 0x6f, 0x61, 0x74, 0x20, 0x5f,
    0x33, 0x35, 0x37, 0x20, 0x3d, 0x20, 0x6d, 0x61, 0x78, 0x28, 0x6d, 0x61, 0x78, 0x28, 0x2d, 0x5f,
    0x33, 0x33, 0x35, 0x2c, 0x20, 0x5f, 0x33, 0x33, 0x35, 0x20, 0x2d, 0x20, 0x5f, 0x31, 0x31, 0x32,
    0x5f, 0x69, 0x6d, 0x67, 0x5f, 0x73, 0x69, 0x7a, 0x65, 0x2e, 0x78, 0x29, 0x2c, 0x20, 0x6d, 0x61,
    0x78, 0x28, 0x2d, 0x5f, 0x33, 0x34, 0x34, 0x2c, 0x20, 0x5f, 0x33, 0x34, 0x34, 0x20, 0x2d, 0x20,
    0x5f, 0x31, 0x31, 0x32, 0x5f, 0x69, 0x6d, 0x67, 0x5f, 0x73, 0x69, 0x7a, 0x65, 0x2e, 0x79, 0x29,
    0x29, 0x20, 0x2f, 0x20, 0x5f, 0x31, 0x31, 0x32, 0x5f, 0x69, 0x6e, 0x76, 0x5f, 0x7a, 0x6f, 0x6f,
    0x6d, 0x3b, 0x0a, 0x20, 0x20, 0x20, 0x20, 0x69, 0x66, 0x20, 0x28, 0x28, 0x28, 0x5f, 0x31, 0x31,
    0x32, 0x5f, 0x6f, 0x75, 0x74, 0x6c, 0x69, 0x6e, 0x65, 0x20, 0x21, 0x3d, 0x20, 0x30, 0x29, 0x20,
    0x26, 0x26, 0x20, 0x28, 0x5f, 0x33, 0x35, 0x37, 0x20, 0x3e, 0x20, 0x28, 0x2d, 0x30, 0x2e, 0x30,
    0x30, 0x33, 0x39, 0x30, 0x36, 0x32, 0x35, 0x66, 0x29, 0x29, 0x29, 0x20, 0x26, 0x26, 0x20, 0x28,
    0x5f, 0x33, 0x35, 0x37, 0x20, 0x3c, 0x20, 0x30, 0x2e, 0x39, 0x39, 0x36, 0x30, 0x39, 0x33, 0x37,
    0x35, 0x66, 0x29, 0x29, 0x0a, 0x20, 0x20, 0x20, 0x20, 0x7b, 0x0a, 0x20, 0x20, 0x20, 0x20, 0x20,
    0x20, 0x20, 0x20, 0x66, 0x6c, 0x6f, 0x61, 0x74, 0x20, 0x5f, 0x33, 0x37, 0x36, 0x20, 0x3d, 0x20,
    0x66, 0x6c, 0x6f, 0x61, 0x74, 0x28, 0x5f, 0x31, 0x31, 0x32, 0x5f, 0x62, 0x61, 0x63, 0x6b, 0x67,
    0x72, 0x6f, 0x75, 0x6e, 0x64, 0x20, 0x3d, 0x3d, 0x20, 0x30, 0x29, 0x3b, 0x0a, 0x20, 0x20, 0x20,
    0x20, 0x20, 0x20, 0x20, 0x20, 0x72, 0x65, 0x74, 0x75, 0x72, 0x6e, 0x20, 0x66, 0x6c, 0x6f, 0x61,
    0x74, 0x34, 0x28, 0x5f, 0x33, 0x37, 0x36, 0x2c, 0x20, 0x5f, 0x33, 0x37, 0x36, 0x2c, 0x20, 0x5f,
    0x33, 0x37, 0x36, 0x2c, 0x20, 0x31, 0x2e, 0x30, 0x66, 0x29, 0x3b, 0x0a, 0x20, 0x20, 0x20, 0x20,
    0x7d, 0x0a, 0x20, 0x20, 0x20, 0x20, 0x62, 0x6f, 0x6f, 0x6c, 0x20, 0x5f, 0x33, 0x38, 0x32, 0x20,
    0x3d, 0x20, 0x5f, 0x33, 0x33, 0x35, 0x20, 0x3c, 0x20, 0x30, 0x2e, 0x30, 0x66, 0x3b, 0x0a, 0x20,
    0x20, 0x20, 0x20, 0x62, 0x6f, 0x6f, 0x6c, 0x20, 0x5f, 0x33, 0x38, 0x39, 0x3b, 0x0a, 0x20, 0x20,
    0x20, 0x20, 0x69, 0x66, 0x20, 0x28, 0x21, 0x5f, 0x33, 0x38, 0x32, 0x29, 0x0a, 0x20, 0x20, 0x20,
    0x20, 0x7b, 0x0a, 0x20, 0x20, 0x20, 0x20, 0x20, 0x20, 0x20, 0x20, 0x5f, 0x33, 0x38, 0x39, 0x20,
    0x3d, 0x20, 0x5f, 0x33, 0x34, 0x34, 0x20, 0x3c, 0x20, 0x30, 0x2e, 0x30, 0x66, 0x3b, 0x0a, 0x20,
    0x20, 0x20, 0x20, 0x7d, 0x0a, 0x20, 0x20, 0x20, 0x20, 0x65, 0x6c, 0x73, 0x65, 0x0a, 0x20, 0x20,
    0x20, 0x20, 0x7b, 0x0a, 0x20, 0x20, 0x20, 0x20, 0x20, 0x20, 0x20, 0x20, 0x5f, 0x33, 0x38, 0x39,
    0x20, 0x3d, 0x20, 0x5f, 0x33, 0x38, 0x32, 0x3b, 0x0a, 0x20, 0x20, 0x20, 0x20, 0x7d, 0x0a, 0x20,
    0x20, 0x20, 0x20, 0x62, 0x6f, 0x6f, 0x6c, 0x20, 0x5f, 0x33, 0x39, 0x38, 0x3b, 0x0a, 0x20, 0x20,
    0x20, 0x20, 0x69, 0x66, 0x20, 0x28, 0x21, 0x5f, 0x33, 0x38, 0x39, 0x29, 0x0a, 0x20, 0x20, 0x20,
    0x20, 0x7b, 0x0a, 0x20, 0x20, 0x20, 0x20, 0x20, 0x20, 0x20, 0x20, 0x5f, 0x33, 0x39, 0x38, 0x20,
    0x3d, 0x20, 0x5f, 0x33, 0x33, 0x35, 0x20, 0x3e, 0x3d, 0x20, 0x5f, 0x31, 0x31, 0x32, 0x5f, 0x69,
    0x6d, 0x67, 0x5f, 0x73, 0x69, 0x7a, 0x65, 0x2e, 0x78, 0x3b, 0x0a, 0x20, 0x20, 0x20, 0x20, 0x7d,
    0x0a, 0x20, 0x20, 0x20, 0x20, 0x65, 0x6c, 0x73, 0x65, 0x0a, 0x20, 0x20, 0x20, 0x20, 0x7b, 0x0a,
    0x20, 0x20, 0x20, 0x20, 0x20, 0x20, 0x20, 0x20, 0x5f, 0x33, 0x39, 0x38, 0x20, 0x3d, 0x20, 0x5f,
    0x33, 0x38, 0x39, 0x3b, 0x0a, 0x20, 0x20, 0x20, 0x20, 0x7d, 0x0a, 0x20, 0x20, 0x20, 0x20, 0x62,
    0x6f, 0x6f, 0x6c, 0x20, 0x5f, 0x34, 0x30, 0x37, 0x3b, 0x0a, 0x20, 0x20, 0x20, 0x20, 0x69, 0x66,
    0x20, 0x28, 0x21, 0x5f, 0x33, 0x39, 0x38, 0x29, 0x0a, 0x20, 0x20, 0x20, 0x20, 0x7b, 0x0a, 0x20,
    0x20, 0x20, 0x20, 0x20, 0x20, 0x20, 0x20, 0x5f, 0x34, 0x30, 0x37, 0x20, 0x3d, 0x20, 0x5f, 0x33,
    0x34, 0x34, 0x20, 0x3e, 0x3d, 0x20, 0x5f, 0x31, 0x31, 0x32, 0x5f, 0x69, 0x6d, 0x67, 0x5f, 0x73,
    0x69, 0x7a, 0x65, 0x2e, 0x79, 0x3b, 0x0a, 0x20, 0x20, 0x20, 0x20, 0x7d, 0x0a, 0x20, 0x20, 0x20,
    0x20, 0x65, 0x6c, 0x73, 0x65, 0x0a, 0x20, 0x20, 0x20, 0x20, 0x7b, 0x0a, 0x20, 0x20, 0x20, 0x20,
    0x20, 0x20, 0x20, 0x20, 0x5f, 0x34, 0x30, 0x37, 0x20, 0x3d, 0x20, 0x5f, 0x33, 0x39, 0x38, 0x3b,
    0x0a, 0x20, 0x20, 0x20, 0x20, 0x7d, 0x0a, 0x20, 0x20, 0x20, 0x20, 0x69, 0x66, 0x20, 0x28, 0x5f,
    0x34, 0x30, 0x37, 0x29, 0x0a, 0x20, 0x20, 0x20, 0x20, 0x7b, 0x0a, 0x20, 0x20, 0x20, 0x20, 0x20,
    0x20, 0x20, 0x20, 0x66, 0x6c, 0x6f, 0x61, 0x74, 0x32, 0x20, 0x70, 0x61, 0x72, 0x61, 0x6d, 0x20,
    0x3d, 0x20, 0x5f, 0x33, 0x31, 0x34, 0x3b, 0x0a, 0x20, 0x20, 0x20, 0x20, 0x20, 0x20, 0x20, 0x20,
    0x72, 0x65, 0x74, 0x75, 0x72, 0x6e, 0x20, 0x66, 0x6c, 0x6f, 0x61, 0x74, 0x34, 0x28, 0x62, 0x61,
    0x63, 0x6b, 0x64, 0x72, 0x6f, 0x70, 0x28, 0x70, 0x61, 0x72, 0x61, 0x6d, 0x29, 0x2c, 0x20, 0x31,
    0x2e, 0x30, 0x66, 0x29, 0x3b, 0x0a, 0x20, 0x20, 0x20, 0x20, 0x7d, 0x0a, 0x20, 0x20, 0x20, 0x20,
    0x66, 0x6c, 0x6f, 0x61, 0x74, 0x33, 0x20, 0x72, 0x67, 0x62, 0x3b, 0x0a, 0x20, 0x20, 0x20, 0x20,
    0x66, 0x6c, 0x6f, 0x61, 0x74, 0x20, 0x61, 0x3b, 0x0a, 0x20, 0x20, 0x20, 0x20, 0x69, 0x66, 0x20,
    0x28, 0x5f, 0x31, 0x31, 0x32, 0x5f, 0x66, 0x62, 0x5f, 0x6f, 0x6e, 0x20, 0x21, 0x3d, 0x20, 0x30,
    0x29, 0x0a, 0x20, 0x20, 0x20, 0x20, 0x7b, 0x0a, 0x20, 0x20, 0x20, 0x20, 0x20, 0x20, 0x20, 0x20,
    0x66, 0x6c, 0x6f, 0x61, 0x74, 0x32, 0x20, 0x70, 0x61, 0x72, 0x61, 0x6d, 0x5f, 0x31, 0x20, 0x3d,
    0x20, 0x5f, 0x33, 0x33, 0x32, 0x3b, 0x0a, 0x20, 0x20, 0x20, 0x20, 0x20, 0x20, 0x20, 0x20, 0x66,
    0x6c, 0x6f, 0x61, 0x74, 0x32, 0x20, 0x70, 0x61, 0x72, 0x61, 0x6d, 0x5f, 0x32, 0x20, 0x3d, 0x20,
    0x5f, 0x31, 0x31, 0x32, 0x5f, 0x63, 0x65, 0x6c, 0x6c, 0x5f, 0x61, 0x3b, 0x0a, 0x20, 0x20, 0x20,
    0x20, 0x20, 0x20, 0x20, 0x20, 0x66, 0x6c, 0x6f, 0x61, 0x74, 0x34, 0x20, 0x73, 0x20, 0x3d, 0x20,
    0x73, 0x61, 0x6d, 0x70, 0x6c, 0x65, 0x5f, 0x63, 0x65, 0x6c, 0x6c, 0x28, 0x70, 0x61, 0x72, 0x61,
    0x6d, 0x5f, 0x31, 0x2c, 0x20, 0x70, 0x61, 0x72, 0x61, 0x6d, 0x5f, 0x32, 0x29, 0x3b, 0x0a, 0x20,
    0x20, 0x20, 0x20, 0x20, 0x20, 0x20, 0x20, 0x69, 0x66, 0x20, 0x28, 0x5f, 0x31, 0x31, 0x32, 0x5f,
    0x66, 0x62, 0x5f, 0x62, 0x6c, 0x65, 0x6e, 0x64, 0x20, 0x3e, 0x20, 0x30, 0x2e, 0x30, 0x66, 0x29,
    0x0a, 0x20, 0x20, 0x20, 0x20, 0x20, 0x20, 0x20, 0x20, 0x7b, 0x0a, 0x20, 0x20, 0x20, 0x20, 0x20,
    0x20, 0x20, 0x20, 0x20, 0x20, 0x20, 0x20, 0x66, 0x6c, 0x6f, 0x61, 0x74, 0x32, 0x20, 0x70, 0x61,
    0x72, 0x61, 0x6d, 0x5f, 0x33, 0x20, 0x3d, 0x20, 0x5f, 0x33, 0x33, 0x32, 0x3b, 0x0a, 0x20, 0x20,
    0x20, 0x20, 0x20, 0x20, 0x20, 0x20, 0x20, 0x20, 0x20, 0x20, 0x66, 0x6c, 0x6f, 0x61, 0x74, 0x32,
    0x20, 0x70, 0x61, 0x72, 0x61, 0x6d, 0x5f, 0x34, 0x20, 0x3d, 0x20, 0x5f, 0x31, 0x31, 0x32, 0x5f,
    0x63, 0x65, 0x6c, 0x6c, 0x5f, 0x62, 0x3b, 0x0a, 0x20, 0x20, 0x20, 0x20, 0x20, 0x20, 0x20, 0x20,
    0x20, 0x20, 0x20, 0x20, 0x73, 0x20, 0x3d, 0x20, 0x6c, 0x65, 0x72, 0x70, 0x28, 0x73, 0x2c, 0x20,
    0x73, 0x61, 0x6d, 0x70, 0x6c, 0x65, 0x5f, 0x63, 0x65, 0x6c, 0x6c, 0x28, 0x70, 0x61, 0x72, 0x61,
    0x6d, 0x5f, 0x33, 0x2c, 0x20, 0x70, 0x61, 0x72, 0x61, 0x6d, 0x5f, 0x34, 0x29, 0x2c, 0x20, 0x5f,
    0x31, 0x31, 0x32, 0x5f, 0x66, 0x62, 0x5f, 0x62, 0x6c, 0x65, 0x6e, 0x64, 0x2e, 0x78, 0x78, 0x78,
    0x78, 0x29, 0x3b, 0x0a, 0x20, 0x20, 0x20, 0x20, 0x20, 0x20, 0x20, 0x20, 0x7d, 0x0a, 0x20, 0x20,
    0x20, 0x20, 0x20, 0x20, 0x20, 0x20, 0x72, 0x67, 0x62, 0x20, 0x3d, 0x20, 0x73, 0x2e, 0x78, 0x79,
    0x7a, 0x3b, 0x0a, 0x20, 0x20, 0x20, 0x20, 0x20, 0x20, 0x20, 0x20, 0x61, 0x20, 0x3d, 0x20, 0x73,
    0x2e, 0x77, 0x3b, 0x0a, 0x20, 0x20, 0x20, 0x20, 0x7d, 0x0a, 0x20, 0x20, 0x20, 0x20, 0x65, 0x6c,
    0x73, 0x65, 0x0a, 0x20, 0x20, 0x20, 0x20, 0x7b, 0x0a, 0x20, 0x20, 0x20, 0x20, 0x20, 0x20, 0x20,
    0x20, 0x66, 0x6c, 0x6f, 0x61, 0x74, 0x34, 0x20, 0x5f, 0x34, 0x36, 0x32, 0x3b, 0x0a, 0x20, 0x20,
    0x20, 0x20, 0x20, 0x20, 0x20, 0x20, 0x69, 0x66, 0x20, 0x28, 0x5f, 0x31, 0x31, 0x32, 0x5f, 0x69,
    0x6e, 0x76, 0x5f, 0x7a, 0x6f, 0x6f, 0x6d, 0x20, 0x3c, 0x3d, 0x20, 0x31, 0x2e, 0x30, 0x66, 0x29,
    0x0a, 0x20, 0x20, 0x20, 0x20, 0x20, 0x20, 0x20, 0x20, 0x7b, 0x0a, 0x20, 0x20, 0x20, 0x20, 0x20,
    0x20, 0x20, 0x20, 0x20, 0x20, 0x20, 0x20, 0x66, 0x6c, 0x6f, 0x61, 0x74, 0x32, 0x20, 0x70, 0x61,
    0x72, 0x61, 0x6d, 0x5f, 0x35, 0x20, 0x3d, 0x20, 0x5f, 0x33, 0x33, 0x32, 0x3b, 0x0a, 0x20, 0x20,
    0x20, 0x20, 0x20, 0x20, 0x20, 0x20, 0x20, 0x20, 0x20, 0x20, 0x66, 0x6c, 0x6f, 0x61, 0x74, 0x32,
    0x20, 0x70, 0x61, 0x72, 0x61, 0x6d, 0x5f, 0x36, 0x20, 0x3d, 0x20, 0x5f, 0x31, 0x31, 0x32, 0x5f,
    0x69, 0x6d, 0x67, 0x5f, 0x73, 0x69, 0x7a, 0x65, 0x3b, 0x0a, 0x20, 0x20, 0x20, 0x20, 0x20, 0x20,
    0x20, 0x20, 0x20, 0x20, 0x20, 0x20, 0x5f, 0x34, 0x36, 0x32, 0x20, 0x3d, 0x20, 0x74, 0x65, 0x78,
    0x2e, 0x53, 0x61, 0x6d, 0x70, 0x6c, 0x65, 0x4c, 0x65, 0x76, 0x65, 0x6c, 0x28, 0x73, 0x61, 0x6d,
    0x70, 0x5f, 0x70, 0x6f, 0x69, 0x6e, 0x74, 0x2c, 0x20, 0x74, 0x65, 0x78, 0x65, 0x6c, 0x5f, 0x63,
    0x65, 0x6e, 0x74, 0x65, 0x72, 0x28, 0x70, 0x61, 0x72, 0x61, 0x6d, 0x5f, 0x35, 0x2c, 0x20, 0x70,
    0x61, 0x72, 0x61, 0x6d, 0x5f, 0x36, 0x29, 0x2c, 0x20, 0x30, 0x2e, 0x30, 0x66, 0x29, 0x3b, 0x0a,
    0x20, 0x20, 0x20, 0x20, 0x20, 0x20, 0x20, 0x20, 0x7d, 0x0a, 0x20, 0x20, 0x20, 0x20, 0x20, 0x20,
    0x20, 0x20, 0x65, 0x6c, 0x73, 0x65, 0x0a, 0x20, 0x20, 0x20, 0x20, 0x20, 0x20, 0x20, 0x20, 0x7b,
    0x0a, 0x20, 0x20, 0x20, 0x20, 0x20, 0x20, 0x20, 0x20, 0x20, 0x20, 0x20, 0x20, 0x66, 0x6c, 0x6f,
    0x61, 0x74, 0x32, 0x20, 0x70, 0x61, 0x72, 0x61, 0x6d, 0x5f, 0x37, 0x20, 0x3d, 0x20, 0x5f, 0x31,
    0x31, 0x32, 0x5f, 0x69, 0x6d, 0x67, 0x5f, 0x73, 0x69, 0x7a, 0x65, 0x3b, 0x0a, 0x20, 0x20, 0x20,
    0x20, 0x20, 0x20, 0x20, 0x20, 0x20, 0x20, 0x20, 0x20, 0x66, 0x6c, 0x6f, 0x61, 0x74, 0x32, 0x20,
    0x70, 0x61, 0x72, 0x61, 0x6d, 0x5f, 0x38, 0x20, 0x3d, 0x20, 0x5f, 0x31, 0x31, 0x32, 0x5f, 0x69,
    0x6d, 0x67, 0x5f, 0x73, 0x69, 0x7a, 0x65, 0x3b, 0x0a, 0x20, 0x20, 0x20, 0x20, 0x20, 0x20, 0x20,
    0x20, 0x20, 0x20, 0x20, 0x20, 0x5f, 0x34, 0x36, 0x32, 0x20, 0x3d, 0x20, 0x74, 0x65, 0x78, 0x2e,
    0x53, 0x61, 0x6d, 0x70, 0x6c, 0x65, 0x47, 0x72, 0x61, 0x64, 0x28, 0x73, 0x61, 0x6d, 0x70, 0x5f,
    0x61, 0x6e, 0x69, 0x73, 0x6f, 0x2c, 0x20, 0x5f, 0x33, 0x33, 0x32, 0x20, 0x2f, 0x20, 0x5f, 0x31,
    0x31, 0x32, 0x5f, 0x69, 0x6d, 0x67, 0x5f, 0x73, 0x69, 0x7a, 0x65, 0x2c, 0x20, 0x67, 0x72, 0x61,
    0x64, 0x5f, 0x78, 0x28, 0x70, 0x61, 0x72, 0x61, 0x6d, 0x5f, 0x37, 0x29, 0x2c, 0x20, 0x67, 0x72,
    0x61, 0x64, 0x5f, 0x79, 0x28, 0x70, 0x61, 0x72, 0x61, 0x6d, 0x5f, 0x38, 0x29, 0x29, 0x3b, 0x0a,
    0x20, 0x20, 0x20, 0x20, 0x20, 0x20, 0x20, 0x20, 0x7d, 0x0a, 0x20, 0x20, 0x20, 0x20, 0x20, 0x20,
    0x20, 0x20, 0x72, 0x67, 0x62, 0x20, 0x3d, 0x20, 0x5f, 0x34, 0x36, 0x32, 0x2e, 0x78, 0x79, 0x7a,
    0x3b, 0x0a, 0x20, 0x20, 0x20, 0x20, 0x20, 0x20, 0x20, 0x20, 0x61, 0x20, 0x3d, 0x20, 0x5f, 0x34,
    0x36, 0x32, 0x2e, 0x77, 0x3b, 0x0a, 0x20, 0x20, 0x20, 0x20, 0x20, 0x20, 0x20, 0x20, 0x69, 0x66,
    0x20, 0x28, 0x5f, 0x31, 0x31, 0x32, 0x5f, 0x6c, 0x69, 0x6e, 0x65, 0x61, 0x72, 0x5f, 0x73, 0x61,
    0x6d, 0x70, 0x6c, 0x65, 0x20, 0x3d, 0x3d, 0x20, 0x30, 0x29, 0x0a, 0x20, 0x20, 0x20, 0x20, 0x20,
    0x20, 0x20, 0x20, 0x7b, 0x0a, 0x20, 0x20, 0x20, 0x20, 0x20, 0x20, 0x20, 0x20, 0x20, 0x20, 0x20,
    0x20, 0x66, 0x6c, 0x6f, 0x61, 0x74, 0x33, 0x20, 0x70, 0x61, 0x72, 0x61, 0x6d, 0x5f, 0x39, 0x20,
    0x3d, 0x20, 0x72, 0x67, 0x62, 0x3b, 0x0a, 0x20, 0x20, 0x20, 0x20, 0x20, 0x20, 0x20, 0x20, 0x20,
    0x20, 0x20, 0x20, 0x72, 0x67, 0x62, 0x20, 0x3d, 0x20, 0x73, 0x72, 0x67, 0x62, 0x5f, 0x74, 0x6f,
    0x5f, 0x6c, 0x69, 0x6e, 0x65, 0x61, 0x72, 0x28, 0x70, 0x61, 0x72, 0x61, 0x6d, 0x5f, 0x39, 0x29,
    0x3b, 0x0a, 0x20, 0x20, 0x20, 0x20, 0x20, 0x20, 0x20, 0x20, 0x7d, 0x0a, 0x20, 0x20, 0x20, 0x20,
    0x7d, 0x0a, 0x20, 0x20, 0x20, 0x20, 0x69, 0x66, 0x20, 0x28, 0x5f, 0x31, 0x31, 0x32, 0x5f, 0x69,
    0x73, 0x5f, 0x68, 0x64, 0x72, 0x20, 0x21, 0x3d, 0x20, 0x30, 0x29, 0x0a, 0x20, 0x20, 0x20, 0x20,
    0x7b, 0x0a, 0x20, 0x20, 0x20, 0x20, 0x20, 0x20, 0x20, 0x20, 0x72, 0x67, 0x62, 0x20, 0x2a, 0x3d,
    0x20, 0x5f, 0x31, 0x31, 0x32, 0x5f, 0x65, 0x78, 0x70, 0x6f, 0x73, 0x75, 0x72, 0x65, 0x3b, 0x0a,
    0x20, 0x20, 0x20, 0x20, 0x20, 0x20, 0x20, 0x20, 0x66, 0x6c, 0x6f, 0x61, 0x74, 0x33, 0x20, 0x5f,
    0x35, 0x32, 0x30, 0x3b, 0x0a, 0x20, 0x20, 0x20, 0x20, 0x20, 0x20, 0x20, 0x20, 0x69, 0x66, 0x20,
    0x28, 0x5f, 0x31, 0x31, 0x32, 0x5f, 0x74, 0x6f, 0x6e, 0x65, 0x6d, 0x61, 0x70, 0x20, 0x3d, 0x3d,
    0x20, 0x31, 0x29, 0x0a, 0x20, 0x20, 0x20, 0x20, 0x20, 0x20, 0x20, 0x20, 0x7b, 0x0a, 0x20, 0x20,
    0x20, 0x20, 0x20, 0x20, 0x20, 0x20, 0x20, 0x20, 0x20, 0x20, 0x66, 0x6c, 0x6f, 0x61, 0x74, 0x33,
    0x20, 0x70, 0x61, 0x72, 0x61, 0x6d, 0x5f, 0x31, 0x30, 0x20, 0x3d, 0x20, 0x72, 0x67, 0x62, 0x3b,
    0x0a, 0x20, 0x20, 0x20, 0x20, 0x20, 0x20, 0x20, 0x20, 0x20, 0x20, 0x20, 0x20, 0x5f, 0x35, 0x32,
    0x30, 0x20, 0x3d, 0x20, 0x61, 0x63, 0x65, 0x73, 0x28, 0x70, 0x61, 0x72, 0x61, 0x6d, 0x5f, 0x31,
    0x30, 0x29, 0x3b, 0x0a, 0x20, 0x20, 0x20, 0x20, 0x20, 0x20, 0x20, 0x20, 0x7d, 0x0a, 0x20, 0x20,
    0x20, 0x20, 0x20, 0x20, 0x20, 0x20, 0x65, 0x6c, 0x73, 0x65, 0x0a, 0x20, 0x20, 0x20, 0x20, 0x20,
    0x20, 0x20, 0x20, 0x7b, 0x0a, 0x20, 0x20, 0x20, 0x20, 0x20, 0x20, 0x20, 0x20, 0x20, 0x20, 0x20,
    0x20, 0x66, 0x6c, 0x6f, 0x61, 0x74, 0x33, 0x20, 0x70, 0x61, 0x72, 0x61, 0x6d, 0x5f, 0x31, 0x31,
    0x20, 0x3d, 0x20, 0x72, 0x67, 0x62, 0x3b, 0x0a, 0x20, 0x20, 0x20, 0x20, 0x20, 0x20, 0x20, 0x20,
    0x20, 0x20, 0x20, 0x20, 0x5f, 0x35, 0x32, 0x30, 0x20, 0x3d, 0x20, 0x72, 0x65, 0x69, 0x6e, 0x68,
    0x61, 0x72, 0x64, 0x28, 0x70, 0x61, 0x72, 0x61, 0x6d, 0x5f, 0x31, 0x31, 0x29, 0x3b, 0x0a, 0x20,
    0x20, 0x20, 0x20, 0x20, 0x20, 0x20, 0x20, 0x7d, 0x0a, 0x20, 0x20, 0x20, 0x20, 0x20, 0x20, 0x20,
    0x20, 0x72, 0x67, 0x62, 0x20, 0x3d, 0x20, 0x5f, 0x35, 0x32, 0x30, 0x3b, 0x0a, 0x20, 0x20, 0x20,
    0x20, 0x7d, 0x0a, 0x20, 0x20, 0x20, 0x20, 0x66, 0x6c, 0x6f, 0x61, 0x74, 0x33, 0x20, 0x6f, 0x75,
    0x74, 0x63, 0x3b, 0x0a, 0x20, 0x20, 0x20, 0x20, 0x69, 0x66, 0x20, 0x28, 0x5f, 0x31, 0x31, 0x32,
    0x5f, 0x63, 0x68, 0x61, 0x6e, 0x6e, 0x65, 0x6c, 0x20, 0x3d, 0x3d, 0x20, 0x31, 0x29, 0x0a, 0x20,
    0x20, 0x20, 0x20, 0x7b, 0x0a, 0x20, 0x20, 0x20, 0x20, 0x20, 0x20, 0x20, 0x20, 0x6f, 0x75, 0x74,
    0x63, 0x20, 0x3d, 0x20, 0x72, 0x67, 0x62, 0x2e, 0x78, 0x78, 0x78, 0x3b, 0x0a, 0x20, 0x20, 0x20,
    0x20, 0x7d, 0x0a, 0x20, 0x20, 0x20, 0x20, 0x65, 0x6c, 0x73, 0x65, 0x0a, 0x20, 0x20, 0x20, 0x20,
    0x7b, 0x0a, 0x20, 0x20, 0x20, 0x20, 0x20, 0x20, 0x20, 0x20, 0x69, 0x66, 0x20, 0x28, 0x5f, 0x31,
    0x31, 0x32, 0x5f, 0x63, 0x68, 0x61, 0x6e, 0x6e, 0x65, 0x6c, 0x20, 0x3d, 0x3d, 0x20, 0x32, 0x29,
    0x0a, 0x20, 0x20, 0x20, 0x20, 0x20, 0x20, 0x20, 0x20, 0x7b, 0x0a, 0x20, 0x20, 0x20, 0x20, 0x20,
    0x20, 0x20, 0x20, 0x20, 0x20, 0x20, 0x20, 0x6f, 0x75, 0x74, 0x63, 0x20, 0x3d, 0x20, 0x72, 0x67,
    0x62, 0x2e, 0x79, 0x79, 0x79, 0x3b, 0x0a, 0x20, 0x20, 0x20, 0x20, 0x20, 0x20, 0x20, 0x20, 0x7d,
    0x0a, 0x20, 0x20, 0x20, 0x20, 0x20, 0x20, 0x20, 0x20, 0x65, 0x6c, 0x73, 0x65, 0x0a, 0x20, 0x20,
    0x20, 0x20, 0x20, 0x20, 0x20, 0x20, 0x7b, 0x0a, 0x20, 0x20, 0x20, 0x20, 0x20, 0x20, 0x20, 0x20,
    0x20, 0x20, 0x20, 0x20, 0x69, 0x66, 0x20, 0x28, 0x5f, 0x31, 0x31, 0x32, 0x5f, 0x63, 0x68, 0x61,
    0x6e, 0x6e, 0x65, 0x6c, 0x20, 0x3d, 0x3d, 0x20, 0x33, 0x29, 0x0a, 0x20, 0x20, 0x20, 0x20, 0x20,
    0x20, 0x20, 0x20, 0x20, 0x20, 0x20, 0x20, 0x7b, 0x0a, 0x20, 0x20, 0x20, 0x20, 0x20, 0x20, 0x20,
    0x20, 0x20, 0x20, 0x20, 0x20, 0x20, 0x20, 0x20, 0x20, 0x6f, 0x75, 0x74, 0x63, 0x20, 0x3d, 0x20,
    0x72, 0x67, 0x62, 0x2e, 0x7a, 0x7a, 0x7a, 0x3b, 0x0a, 0x20, 0x20, 0x20, 0x20, 0x20, 0x20, 0x20,
    0x20, 0x20, 0x20, 0x20, 0x20, 0x7d, 0x0a, 0x20, 0x20, 0x20, 0x20, 0x20, 0x20, 0x20, 0x20, 0x20,
    0x20, 0x20, 0x20, 0x65, 0x6c, 0x73, 0x65, 0x0a, 0x20, 0x20, 0x20, 0x20, 0x20, 0x20, 0x20, 0x20,
    0x20, 0x20, 0x20, 0x20, 0x7b, 0x0a, 0x20, 0x20, 0x20, 0x20, 0x20, 0x20, 0x20, 0x20, 0x20, 0x20,
    0x20, 0x20, 0x20, 0x20, 0x20, 0x20, 0x69, 0x66, 0x20, 0x28, 0x5f, 0x31, 0x31, 0x32, 0x5f, 0x63,
    0x68, 0x61, 0x6e, 0x6e, 0x65, 0x6c, 0x20, 0x3d, 0x3d, 0x20, 0x34, 0x29, 0x0a, 0x20, 0x20, 0x20,
    0x20, 0x20, 0x20, 0x20, 0x20, 0x20, 0x20, 0x20, 0x20, 0x20, 0x20, 0x20, 0x20, 0x7b, 0x0a, 0x20,
    0x20, 0x20, 0x20, 0x20, 0x20, 0x20, 0x20, 0x20, 0x20, 0x20, 0x20, 0x20, 0x20, 0x20, 0x20, 0x20,
    0x20, 0x20, 0x20, 0x66, 0x6c, 0x6f, 0x61, 0x74, 0x33, 0x20, 0x70, 0x61, 0x72, 0x61, 0x6d, 0x5f,
    0x31, 0x32, 0x20, 0x3d, 0x20, 0x61, 0x2e, 0x78, 0x78, 0x78, 0x3b, 0x0a, 0x20, 0x20, 0x20, 0x20,
    0x20, 0x20, 0x20, 0x20, 0x20, 0x20, 0x20, 0x20, 0x20, 0x20, 0x20, 0x20, 0x20, 0x20, 0x20, 0x20,
    0x6f, 0x75, 0x74, 0x63, 0x20, 0x3d, 0x20, 0x73, 0x72, 0x67, 0x62, 0x5f, 0x74, 0x6f, 0x5f, 0x6c,
    0x69, 0x6e, 0x65, 0x61, 0x72, 0x28, 0x70, 0x61, 0x72, 0x61, 0x6d, 0x5f, 0x31, 0x32, 0x29, 0x2e,
    0x78, 0x78, 0x78, 0x3b, 0x0a, 0x20, 0x20, 0x20, 0x20, 0x20, 0x20, 0x20, 0x20, 0x20, 0x20, 0x20,
    0x20, 0x20, 0x20, 0x20, 0x20, 0x7d, 0x0a, 0x20, 0x20, 0x20, 0x20, 0x20, 0x20, 0x20, 0x20, 0x20,
    0x20, 0x20, 0x20, 0x20, 0x20, 0x20, 0x20, 0x65, 0x6c, 0x73, 0x65, 0x0a, 0x20, 0x20, 0x20, 0x20,
    0x20, 0x20, 0x20, 0x20, 0x20, 0x20, 0x20, 0x20, 0x20, 0x20, 0x20, 0x20, 0x7b, 0x0a, 0x20, 0x20,
    0x20, 0x20, 0x20, 0x20, 0x20, 0x20, 0x20, 0x20, 0x20, 0x20, 0x20, 0x20, 0x20, 0x20, 0x20, 0x20,
    0x20, 0x20, 0x69, 0x66, 0x20, 0x28, 0x5f, 0x31, 0x31, 0x32, 0x5f, 0x63, 0x68, 0x61, 0x6e, 0x6e,
    0x65, 0x6c, 0x20, 0x3d, 0x3d, 0x20, 0x35, 0x29, 0x0a, 0x20, 0x20, 0x20, 0x20, 0x20, 0x20, 0x20,
    0x20, 0x20, 0x20, 0x20, 0x20, 0x20, 0x20, 0x20, 0x20, 0x20, 0x20, 0x20, 0x20, 0x7b, 0x0a, 0x20,
    0x20, 0x20, 0x20, 0x20, 0x20, 0x20, 0x20, 0x20, 0x20, 0x20, 0x20, 0x20, 0x20, 0x20, 0x20, 0x20,
    0x20, 0x20, 0x20, 0x20, 0x20, 0x20, 0x20, 0x6f, 0x75, 0x74, 0x63, 0x20, 0x3d, 0x20, 0x72, 0x67,
    0x62, 0x3b, 0x0a, 0x20, 0x20, 0x20, 0x20, 0x20, 0x20, 0x20, 0x20, 0x20, 0x20, 0x20, 0x20, 0x20,
    0x20, 0x20, 0x20, 0x20, 0x20, 0x20, 0x20, 0x7d, 0x0a, 0x20, 0x20, 0x20, 0x20, 0x20, 0x20, 0x20,
    0x20, 0x20, 0x20, 0x20, 0x20, 0x20, 0x20, 0x20, 0x20, 0x20, 0x20, 0x20, 0x20, 0x65, 0x6c, 0x73,
    0x65, 0x0a, 0x20, 0x20, 0x20, 0x20, 0x20, 0x20, 0x20, 0x20, 0x20, 0x20, 0x20, 0x20, 0x20, 0x20,
    0x20, 0x20, 0x20, 0x20, 0x20, 0x20, 0x7b, 0x0a, 0x20, 0x20, 0x20, 0x20, 0x20, 0x20, 0x20, 0x20,
    0x20, 0x20, 0x20, 0x20, 0x20, 0x20, 0x20, 0x20, 0x20, 0x20, 0x20, 0x20, 0x20, 0x20, 0x20, 0x20,
    0x6f, 0x75, 0x74, 0x63, 0x20, 0x3d, 0x20, 0x72, 0x67, 0x62, 0x3b, 0x0a, 0x20, 0x20, 0x20, 0x20,
    0x20, 0x20, 0x20, 0x20, 0x20, 0x20, 0x20, 0x20, 0x20, 0x20, 0x20, 0x20, 0x20, 0x20, 0x20, 0x20,
    0x20, 0x20, 0x20, 0x20, 0x69, 0x66, 0x20, 0x28, 0x61, 0x20, 0x3c, 0x20, 0x30, 0x2e, 0x39, 0x39,
    0x39, 0x30, 0x30, 0x30, 0x30, 0x31, 0x32, 0x38, 0x37, 0x34, 0x36, 0x30, 0x33, 0x32, 0x37, 0x31,
    0x34, 0x38, 0x34, 0x33, 0x37, 0x35, 0x66, 0x29, 0x0a, 0x20, 0x20, 0x20, 0x20, 0x20, 0x20, 0x20,
    0x20, 0x20, 0x20, 0x20, 0x20, 0x20, 0x20, 0x20, 0x20, 0x20, 0x20, 0x20, 0x20, 0x20, 0x20, 0x20,
    0x20, 0x7b, 0x0a, 0x20, 0x20, 0x20, 0x20, 0x20, 0x20, 0x20, 0x20, 0x20, 0x20, 0x20, 0x20, 0x20,
    0x20, 0x20, 0x20, 0x20, 0x20, 0x20, 0x20, 0x20, 0x20, 0x20, 0x20, 0x20, 0x20, 0x20, 0x20, 0x66,
    0x6c, 0x6f, 0x61, 0x74, 0x32, 0x20, 0x70, 0x61, 0x72, 0x61, 0x6d, 0x5f, 0x31, 0x33, 0x20, 0x3d,
    0x20, 0x5f, 0x33, 0x31, 0x34, 0x3b, 0x0a, 0x20, 0x20, 0x20, 0x20, 0x20, 0x20, 0x20, 0x20, 0x20,
    0x20, 0x20, 0x20, 0x20, 0x20, 0x20, 0x20, 0x20, 0x20, 0x20, 0x20, 0x20, 0x20, 0x20, 0x20, 0x20,
    0x20, 0x20, 0x20, 0x6f, 0x75, 0x74, 0x63, 0x20, 0x3d, 0x20, 0x28, 0x62, 0x61, 0x63, 0x6b, 0x64,
    0x72, 0x6f, 0x70, 0x28, 0x70, 0x61, 0x72, 0x61, 0x6d, 0x5f, 0x31, 0x33, 0x29, 0x20, 0x2a, 0x20,
    0x28, 0x31, 0x2e, 0x30, 0x66, 0x20, 0x2d, 0x20, 0x61, 0x29, 0x29, 0x20, 0x2b, 0x20, 0x28, 0x72,
    0x67, 0x62, 0x20, 0x2a, 0x20, 0x61, 0x29, 0x3b, 0x0a, 0x20, 0x20, 0x20, 0x20, 0x20, 0x20, 0x20,
    0x20, 0x20, 0x20, 0x20, 0x20, 0x20, 0x20, 0x20, 0x20, 0x20, 0x20, 0x20, 0x20, 0x20, 0x20, 0x20,
    0x20, 0x7d, 0x0a, 0x20, 0x20, 0x20, 0x20, 0x20, 0x20, 0x20, 0x20, 0x20, 0x20, 0x20, 0x20, 0x20,
    0x20, 0x20, 0x20, 0x20, 0x20, 0x20, 0x20, 0x7d, 0x0a, 0x20, 0x20, 0x20, 0x20, 0x20, 0x20, 0x20,
    0x20, 0x20, 0x20, 0x20, 0x20, 0x20, 0x20, 0x20, 0x20, 0x7d, 0x0a, 0x20, 0x20, 0x20, 0x20, 0x20,
    0x20, 0x20, 0x20, 0x20, 0x20, 0x20, 0x20, 0x7d, 0x0a, 0x20, 0x20, 0x20, 0x20, 0x20, 0x20, 0x20,
    0x20, 0x7d, 0x0a, 0x20, 0x20, 0x20, 0x20, 0x7d, 0x0a, 0x20, 0x20, 0x20, 0x20, 0x69, 0x66, 0x20,
    0x28, 0x5f, 0x31, 0x31, 0x32, 0x5f, 0x6f, 0x63, 0x74, 0x5f, 0x68, 0x69, 0x64, 0x65, 0x20, 0x3e,
    0x20, 0x30, 0x2e, 0x30, 0x66, 0x29, 0x0a, 0x20, 0x20, 0x20, 0x20, 0x7b, 0x0a, 0x20, 0x20, 0x20,
    0x20, 0x20, 0x20, 0x20, 0x20, 0x66, 0x6c, 0x6f, 0x61, 0x74, 0x32, 0x20, 0x5f, 0x36, 0x30, 0x34,
    0x20, 0x3d, 0x20, 0x61, 0x62, 0x73, 0x28, 0x28, 0x5f, 0x33, 0x33, 0x32, 0x20, 0x2f, 0x20, 0x5f,
    0x31, 0x31, 0x32, 0x5f, 0x69, 0x6d, 0x67, 0x5f, 0x73, 0x69, 0x7a, 0x65, 0x29, 0x20, 0x2d, 0x20,
    0x30, 0x2e, 0x35, 0x66, 0x2e, 0x78, 0x78, 0x29, 0x3b, 0x0a, 0x20, 0x20, 0x20, 0x20, 0x20, 0x20,
    0x20, 0x20, 0x66, 0x6c, 0x6f, 0x61, 0x74, 0x20, 0x5f, 0x36, 0x31, 0x33, 0x20, 0x3d, 0x20, 0x5f,
    0x31, 0x31, 0x32, 0x5f, 0x6f, 0x63, 0x74, 0x5f, 0x63, 0x72, 0x6f, 0x70, 0x20, 0x2f, 0x20, 0x6d,
    0x61, 0x78, 0x28, 0x31, 0x2e, 0x30, 0x66, 0x20, 0x2d, 0x20, 0x5f, 0x31, 0x31, 0x32, 0x5f, 0x6f,
    0x63, 0x74, 0x5f, 0x63, 0x72, 0x6f, 0x70, 0x2c, 0x20, 0x30, 0x2e, 0x35, 0x66, 0x29, 0x3b, 0x0a,
    0x20, 0x20, 0x20, 0x20, 0x20, 0x20, 0x20, 0x20, 0x66, 0x6c, 0x6f, 0x61, 0x74, 0x20, 0x5f, 0x36,
    0x31, 0x35, 0x20, 0x3d, 0x20, 0x5f, 0x36, 0x30, 0x34, 0x2e, 0x78, 0x3b, 0x0a, 0x20, 0x20, 0x20,
    0x20, 0x20, 0x20, 0x20, 0x20, 0x66, 0x6c, 0x6f, 0x61, 0x74, 0x20, 0x5f, 0x36, 0x31, 0x38, 0x20,
    0x3d, 0x20, 0x5f, 0x36, 0x30, 0x34, 0x2e, 0x79, 0x3b, 0x0a, 0x20, 0x20, 0x20, 0x20, 0x20, 0x20,
    0x20, 0x20, 0x69, 0x66, 0x20, 0x28, 0x6d, 0x61, 0x78, 0x28, 0x5f, 0x36, 0x31, 0x35, 0x20, 0x2b,
    0x20, 0x28, 0x5f, 0x36, 0x31, 0x33, 0x20, 0x2a, 0x20, 0x5f, 0x36, 0x31, 0x38, 0x29, 0x2c, 0x20,
    0x5f, 0x36, 0x31, 0x38, 0x20, 0x2b, 0x20, 0x28, 0x5f, 0x36, 0x31, 0x33, 0x20, 0x2a, 0x20, 0x5f,
    0x36, 0x31, 0x35, 0x29, 0x29, 0x20, 0x3e, 0x20, 0x30, 0x2e, 0x35, 0x66, 0x29, 0x0a, 0x20, 0x20,
    0x20, 0x20, 0x20, 0x20, 0x20, 0x20, 0x7b, 0x0a, 0x20, 0x20, 0x20, 0x20, 0x20, 0x20, 0x20, 0x20,
    0x20, 0x20, 0x20, 0x20, 0x66, 0x6c, 0x6f, 0x61, 0x74, 0x32, 0x20, 0x70, 0x61, 0x72, 0x61, 0x6d,
    0x5f, 0x31, 0x34, 0x20, 0x3d, 0x20, 0x5f, 0x33, 0x31, 0x34, 0x3b, 0x0a, 0x20, 0x20, 0x20, 0x20,
    0x20, 0x20, 0x20, 0x20, 0x20, 0x20, 0x20, 0x20, 0x6f, 0x75, 0x74, 0x63, 0x20, 0x3d, 0x20, 0x6c,
    0x65, 0x72, 0x70, 0x28, 0x6f, 0x75, 0x74, 0x63, 0x2c, 0x20, 0x62, 0x61, 0x63, 0x6b, 0x64, 0x72,
    0x6f, 0x70, 0x28, 0x70, 0x61, 0x72, 0x61, 0x6d, 0x5f, 0x31, 0x34, 0x29, 0x2c, 0x20, 0x5f, 0x31,
    0x31, 0x32, 0x5f, 0x6f, 0x63, 0x74, 0x5f, 0x68, 0x69, 0x64, 0x65, 0x2e, 0x78, 0x78, 0x78, 0x29,
    0x3b, 0x0a, 0x20, 0x20, 0x20, 0x20, 0x20, 0x20, 0x20, 0x20, 0x7d, 0x0a, 0x20, 0x20, 0x20, 0x20,
    0x7d, 0x0a, 0x20, 0x20, 0x20, 0x20, 0x72, 0x65, 0x74, 0x75, 0x72, 0x6e, 0x20, 0x66, 0x6c, 0x6f,
    0x61, 0x74, 0x34, 0x28, 0x6f, 0x75, 0x74, 0x63, 0x2c, 0x20, 0x31, 0x2e, 0x30, 0x66, 0x29, 0x3b,
    0x0a, 0x7d, 0x0a, 0x0a, 0x66, 0x6c, 0x6f, 0x61, 0x74, 0x33, 0x20, 0x6c, 0x69, 0x6e, 0x65, 0x61,
    0x72, 0x5f, 0x74, 0x6f, 0x5f, 0x73, 0x72, 0x67, 0x62, 0x28, 0x66, 0x6c, 0x6f, 0x61, 0x74, 0x33,
    0x20, 0x63, 0x29, 0x0a, 0x7b, 0x0a, 0x20, 0x20, 0x20, 0x20, 0x72, 0x65, 0x74, 0x75, 0x72, 0x6e,
    0x20, 0x6c, 0x65, 0x72, 0x70, 0x28, 0x28, 0x70, 0x6f, 0x77, 0x28, 0x6d, 0x61, 0x78, 0x28, 0x63,
    0x2c, 0x20, 0x30, 0x2e, 0x30, 0x66, 0x2e, 0x78, 0x78, 0x78, 0x29, 0x2c, 0x20, 0x30, 0x2e, 0x34,
    0x31, 0x36, 0x36, 0x36, 0x36, 0x36, 0x35, 0x36, 0x37, 0x33, 0x32, 0x35, 0x35, 0x39, 0x32, 0x30,
    0x34, 0x31, 0x30, 0x31, 0x35, 0x36, 0x32, 0x35, 0x66, 0x2e, 0x78, 0x78, 0x78, 0x29, 0x20, 0x2a,
    0x20, 0x31, 0x2e, 0x30, 0x35, 0x34, 0x39, 0x39, 0x39, 0x39, 0x34, 0x37, 0x35, 0x34, 0x37, 0x39,
    0x31, 0x32, 0x35, 0x39, 0x37, 0x36, 0x35, 0x36, 0x32, 0x35, 0x66, 0x29, 0x20, 0x2d, 0x20, 0x30,
    0x2e, 0x30, 0x35, 0x34, 0x39, 0x39, 0x39, 0x39, 0x39, 0x39, 0x37, 0x30, 0x31, 0x39, 0x37, 0x36,
    0x37, 0x37, 0x36, 0x31, 0x32, 0x33, 0x30, 0x34, 0x36, 0x38, 0x37, 0x35, 0x66, 0x2e, 0x78, 0x78,
    0x78, 0x2c, 0x20, 0x63, 0x20, 0x2a, 0x20, 0x31, 0x32, 0x2e, 0x39, 0x32, 0x30, 0x30, 0x30, 0x30,
    0x30, 0x37, 0x36, 0x32, 0x39, 0x33, 0x39, 0x34, 0x35, 0x33, 0x31, 0x32, 0x35, 0x66, 0x2c, 0x20,
    0x73, 0x74, 0x65, 0x70, 0x28, 0x63, 0x2c, 0x20, 0x30, 0x2e, 0x30, 0x30, 0x33, 0x31, 0x33, 0x30,
    0x38, 0x30, 0x30, 0x30, 0x39, 0x30, 0x37, 0x33, 0x30, 0x31, 0x39, 0x30, 0x32, 0x37, 0x37, 0x30,
    0x39, 0x39, 0x36, 0x30, 0x39, 0x33, 0x37, 0x35, 0x66, 0x2e, 0x78, 0x78, 0x78, 0x29, 0x29, 0x3b,
    0x0a, 0x7d, 0x0a, 0x0a, 0x76, 0x6f, 0x69, 0x64, 0x20, 0x66, 0x72, 0x61, 0x67, 0x5f, 0x6d, 0x61,
    0x69, 0x6e, 0x28, 0x29, 0x0a, 0x7b, 0x0a, 0x20, 0x20, 0x20, 0x20, 0x66, 0x6c, 0x6f, 0x61, 0x74,
    0x34, 0x20, 0x70, 0x61, 0x72, 0x61, 0x6d, 0x20, 0x3d, 0x20, 0x67, 0x6c, 0x5f, 0x46, 0x72, 0x61,
    0x67, 0x43, 0x6f, 0x6f, 0x72, 0x64, 0x3b, 0x0a, 0x20, 0x20, 0x20, 0x20, 0x66, 0x6c, 0x6f, 0x61,
    0x74, 0x34, 0x20, 0x5f, 0x36, 0x35, 0x32, 0x20, 0x3d, 0x20, 0x73, 0x68, 0x61, 0x64, 0x65, 0x28,
    0x70, 0x61, 0x72, 0x61, 0x6d, 0x29, 0x3b, 0x0a, 0x20, 0x20, 0x20, 0x20, 0x66, 0x6c, 0x6f, 0x61,
    0x74, 0x33, 0x20, 0x70, 0x61, 0x72, 0x61, 0x6d, 0x5f, 0x31, 0x20, 0x3d, 0x20, 0x63, 0x6c, 0x61,
    0x6d, 0x70, 0x28, 0x5f, 0x36, 0x35, 0x32, 0x2e, 0x78, 0x79, 0x7a, 0x2c, 0x20, 0x30, 0x2e, 0x30,
    0x66, 0x2e, 0x78, 0x78, 0x78, 0x2c, 0x20, 0x31, 0x2e, 0x30, 0x66, 0x2e, 0x78, 0x78, 0x78, 0x29,
    0x3b, 0x0a, 0x20, 0x20, 0x20, 0x20, 0x66, 0x72, 0x61, 0x67, 0x5f, 0x63, 0x6f, 0x6c, 0x6f, 0x72,
    0x20, 0x3d, 0x20, 0x66, 0x6c, 0x6f, 0x61, 0x74, 0x34, 0x28, 0x6c, 0x69, 0x6e, 0x65, 0x61, 0x72,
    0x5f, 0x74, 0x6f, 0x5f, 0x73, 0x72, 0x67, 0x62, 0x28, 0x70, 0x61, 0x72, 0x61, 0x6d, 0x5f, 0x31,
    0x29, 0x2c, 0x20, 0x5f, 0x36, 0x35, 0x32, 0x2e, 0x77, 0x29, 0x3b, 0x0a, 0x7d, 0x0a, 0x0a, 0x53,
    0x50, 0x49, 0x52, 0x56, 0x5f, 0x43, 0x72, 0x6f, 0x73, 0x73, 0x5f, 0x4f, 0x75, 0x74, 0x70, 0x75,
    0x74, 0x20, 0x6d, 0x61, 0x69, 0x6e, 0x28, 0x53, 0x50, 0x49, 0x52, 0x56, 0x5f, 0x43, 0x72, 0x6f,
    0x73, 0x73, 0x5f, 0x49, 0x6e, 0x70, 0x75, 0x74, 0x20, 0x73, 0x74, 0x61, 0x67, 0x65, 0x5f, 0x69,
    0x6e, 0x70, 0x75, 0x74, 0x29, 0x0a, 0x7b, 0x0a, 0x20, 0x20, 0x20, 0x20, 0x67, 0x6c, 0x5f, 0x46,
    0x72, 0x61, 0x67, 0x43, 0x6f, 0x6f, 0x72, 0x64, 0x20, 0x3d, 0x20, 0x73, 0x74, 0x61, 0x67, 0x65,
    0x5f, 0x69, 0x6e, 0x70, 0x75, 0x74, 0x2e, 0x67, 0x6c, 0x5f, 0x46, 0x72, 0x61, 0x67, 0x43, 0x6f,
    0x6f, 0x72, 0x64, 0x3b, 0x0a, 0x20, 0x20, 0x20, 0x20, 0x67, 0x6c, 0x5f, 0x46, 0x72, 0x61, 0x67,
    0x43, 0x6f, 0x6f, 0x72, 0x64, 0x2e, 0x77, 0x20, 0x3d, 0x20, 0x31, 0x2e, 0x30, 0x20, 0x2f, 0x20,
    0x67, 0x6c, 0x5f, 0x46, 0x72, 0x61, 0x67, 0x43, 0x6f, 0x6f, 0x72, 0x64, 0x2e, 0x77, 0x3b, 0x0a,
    0x20, 0x20, 0x20, 0x20, 0x66, 0x72, 0x61, 0x67, 0x5f, 0x6d, 0x61, 0x69, 0x6e, 0x28, 0x29, 0x3b,
    0x0a, 0x20, 0x20, 0x20, 0x20, 0x53, 0x50, 0x49, 0x52, 0x56, 0x5f, 0x43, 0x72, 0x6f, 0x73, 0x73,
    0x5f, 0x4f, 0x75, 0x74, 0x70, 0x75, 0x74, 0x20, 0x73, 0x74, 0x61, 0x67, 0x65, 0x5f, 0x6f, 0x75,
    0x74, 0x70, 0x75, 0x74, 0x3b, 0x0a, 0x20, 0x20, 0x20, 0x20, 0x73, 0x74, 0x61, 0x67, 0x65, 0x5f,
    0x6f, 0x75, 0x74, 0x70, 0x75, 0x74, 0x2e, 0x66, 0x72, 0x61, 0x67, 0x5f, 0x63, 0x6f, 0x6c, 0x6f,
    0x72, 0x20, 0x3d, 0x20, 0x66, 0x72, 0x61, 0x67, 0x5f, 0x63, 0x6f, 0x6c, 0x6f, 0x72, 0x3b, 0x0a,
    0x20, 0x20, 0x20, 0x20, 0x72, 0x65, 0x74, 0x75, 0x72, 0x6e, 0x20, 0x73, 0x74, 0x61, 0x67, 0x65,
    0x5f, 0x6f, 0x75, 0x74, 0x70, 0x75, 0x74, 0x3b, 0x0a, 0x7d, 0x0a, 0x00,
];
/*
    #include <metal_stdlib>
    #include <simd/simd.h>

    using namespace metal;

    struct main0_out
    {
        float4 gl_Position [[position]];
    };

    vertex main0_out main0(uint gl_VertexIndex [[vertex_id]])
    {
        main0_out out = {};
        out.gl_Position = float4((float2(float((int(gl_VertexIndex) << 1) & 2), float(int(gl_VertexIndex) & 2)) * float2(2.0, -2.0)) + float2(-1.0, 1.0), 0.0, 1.0);
        return out;
    }

*/
pub const VS_MAIN_SOURCE_METAL_MACOS: [u8; 397] = [
    0x23, 0x69, 0x6e, 0x63, 0x6c, 0x75, 0x64, 0x65, 0x20, 0x3c, 0x6d, 0x65, 0x74, 0x61, 0x6c, 0x5f,
    0x73, 0x74, 0x64, 0x6c, 0x69, 0x62, 0x3e, 0x0a, 0x23, 0x69, 0x6e, 0x63, 0x6c, 0x75, 0x64, 0x65,
    0x20, 0x3c, 0x73, 0x69, 0x6d, 0x64, 0x2f, 0x73, 0x69, 0x6d, 0x64, 0x2e, 0x68, 0x3e, 0x0a, 0x0a,
    0x75, 0x73, 0x69, 0x6e, 0x67, 0x20, 0x6e, 0x61, 0x6d, 0x65, 0x73, 0x70, 0x61, 0x63, 0x65, 0x20,
    0x6d, 0x65, 0x74, 0x61, 0x6c, 0x3b, 0x0a, 0x0a, 0x73, 0x74, 0x72, 0x75, 0x63, 0x74, 0x20, 0x6d,
    0x61, 0x69, 0x6e, 0x30, 0x5f, 0x6f, 0x75, 0x74, 0x0a, 0x7b, 0x0a, 0x20, 0x20, 0x20, 0x20, 0x66,
    0x6c, 0x6f, 0x61, 0x74, 0x34, 0x20, 0x67, 0x6c, 0x5f, 0x50, 0x6f, 0x73, 0x69, 0x74, 0x69, 0x6f,
    0x6e, 0x20, 0x5b, 0x5b, 0x70, 0x6f, 0x73, 0x69, 0x74, 0x69, 0x6f, 0x6e, 0x5d, 0x5d, 0x3b, 0x0a,
    0x7d, 0x3b, 0x0a, 0x0a, 0x76, 0x65, 0x72, 0x74, 0x65, 0x78, 0x20, 0x6d, 0x61, 0x69, 0x6e, 0x30,
    0x5f, 0x6f, 0x75, 0x74, 0x20, 0x6d, 0x61, 0x69, 0x6e, 0x30, 0x28, 0x75, 0x69, 0x6e, 0x74, 0x20,
    0x67, 0x6c, 0x5f, 0x56, 0x65, 0x72, 0x74, 0x65, 0x78, 0x49, 0x6e, 0x64, 0x65, 0x78, 0x20, 0x5b,
    0x5b, 0x76, 0x65, 0x72, 0x74, 0x65, 0x78, 0x5f, 0x69, 0x64, 0x5d, 0x5d, 0x29, 0x0a, 0x7b, 0x0a,
    0x20, 0x20, 0x20, 0x20, 0x6d, 0x61, 0x69, 0x6e, 0x30, 0x5f, 0x6f, 0x75, 0x74, 0x20, 0x6f, 0x75,
    0x74, 0x20, 0x3d, 0x20, 0x7b, 0x7d, 0x3b, 0x0a, 0x20, 0x20, 0x20, 0x20, 0x6f, 0x75, 0x74, 0x2e,
    0x67, 0x6c, 0x5f, 0x50, 0x6f, 0x73, 0x69, 0x74, 0x69, 0x6f, 0x6e, 0x20, 0x3d, 0x20, 0x66, 0x6c,
    0x6f, 0x61, 0x74, 0x34, 0x28, 0x28, 0x66, 0x6c, 0x6f, 0x61, 0x74, 0x32, 0x28, 0x66, 0x6c, 0x6f,
    0x61, 0x74, 0x28, 0x28, 0x69, 0x6e, 0x74, 0x28, 0x67, 0x6c, 0x5f, 0x56, 0x65, 0x72, 0x74, 0x65,
    0x78, 0x49, 0x6e, 0x64, 0x65, 0x78, 0x29, 0x20, 0x3c, 0x3c, 0x20, 0x31, 0x29, 0x20, 0x26, 0x20,
    0x32, 0x29, 0x2c, 0x20, 0x66, 0x6c, 0x6f, 0x61, 0x74, 0x28, 0x69, 0x6e, 0x74, 0x28, 0x67, 0x6c,
    0x5f, 0x56, 0x65, 0x72, 0x74, 0x65, 0x78, 0x49, 0x6e, 0x64, 0x65, 0x78, 0x29, 0x20, 0x26, 0x20,
    0x32, 0x29, 0x29, 0x20, 0x2a, 0x20, 0x66, 0x6c, 0x6f, 0x61, 0x74, 0x32, 0x28, 0x32, 0x2e, 0x30,
    0x2c, 0x20, 0x2d, 0x32, 0x2e, 0x30, 0x29, 0x29, 0x20, 0x2b, 0x20, 0x66, 0x6c, 0x6f, 0x61, 0x74,
    0x32, 0x28, 0x2d, 0x31, 0x2e, 0x30, 0x2c, 0x20, 0x31, 0x2e, 0x30, 0x29, 0x2c, 0x20, 0x30, 0x2e,
    0x30, 0x2c, 0x20, 0x31, 0x2e, 0x30, 0x29, 0x3b, 0x0a, 0x20, 0x20, 0x20, 0x20, 0x72, 0x65, 0x74,
    0x75, 0x72, 0x6e, 0x20, 0x6f, 0x75, 0x74, 0x3b, 0x0a, 0x7d, 0x0a, 0x0a, 0x00,
];
/*
    #pragma clang diagnostic ignored "-Wmissing-prototypes"

    #include <metal_stdlib>
    #include <simd/simd.h>

    using namespace metal;

    // Implementation of the GLSL mod() function, which is slightly different than Metal fmod()
    template<typename Tx, typename Ty>
    inline Tx mod(Tx x, Ty y)
    {
        return x - y * floor(x / y);
    }

    struct params
    {
        float2 img_size;
        float2 surf_size;
        float2 pan;
        float inv_zoom;
        float exposure;
        int channel;
        int tonemap;
        int is_hdr;
        int has_image;
        int linear_sample;
        int background;
        int outline;
        int fb_on;
        float4 clear_lin;
        float2 sheet_size;
        float2 cell_a;
        float2 cell_b;
        float fb_blend;
        float fb_max_lod;
        float2 surf_origin;
        float oct_crop;
        float oct_hide;
    };

    struct main0_out
    {
        float4 frag_color [[color(0)]];
    };

    static inline __attribute__((always_inline))
    float3 srgb_to_linear(thread const float3& c)
    {
        return mix(powr(fast::max((c + float3(0.054999999701976776123046875)) * float3(0.947867333889007568359375), float3(0.0)), float3(2.400000095367431640625)), c * float3(0.077399380505084991455078125), step(c, float3(0.040449999272823333740234375)));
    }

    static inline __attribute__((always_inline))
    float3 backdrop(thread const float2& sp, constant params& _112)
    {
        if (_112.background == 0)
        {
            return float3(0.0);
        }
        if (_112.background == 1)
        {
            return float3(1.0);
        }
        if (_112.background == 2)
        {
            float3 param = float3(0.4000000059604644775390625);
            return srgb_to_linear(param);
        }
        float2 _148 = floor(sp * float2(0.083333335816860198974609375));
        return float3((mod(_148.x + _148.y, 2.0) < 0.5) ? 0.449999988079071044921875 : 0.20999999344348907470703125);
    }

    static inline __attribute__((always_inline))
    float2 texel_center(thread const float2& t, thread const float2& size)
    {
        return (floor(t) + float2(0.5)) / size;
    }

    static inline __attribute__((always_inline))
    float4 sample_cell(thread const float2& f, thread const float2& cell, constant params& _112, texture2d<float> tex, sampler samp_point, sampler samp_aniso)
    {
        float2 _231 = cell + fast::clamp(f, float2(0.5), _112.img_size - float2(0.5));
        float4 s;
        if (_112.inv_zoom <= 1.0)
        {
            float2 param = _231;
            float2 param_1 = _112.sheet_size;
            s = tex.sample(samp_point, texel_center(param, param_1), level(0.0));
        }
        else
        {
            s = tex.sample(samp_aniso, (_231 / _112.sheet_size), level(fast::min(log2(_112.inv_zoom), _112.fb_max_lod)));
        }
        if (_112.linear_sample == 0)
        {
            float3 param_2 = s.xyz;
            float3 _286 = srgb_to_linear(param_2);
            float4 _671 = s;
            _671.x = _286.x;
            _671.y = _286.y;
            _671.z = _286.z;
            s = _671;
        }
        return s;
    }

    static inline __attribute__((always_inline))
    float2 grad_x(thread const float2& size, constant params& _112)
    {
        return float2(_112.inv_zoom / size.x, 0.0);
    }

    static inline __attribute__((always_inline))
    float2 grad_y(thread const float2& size, constant params& _112)
    {
        return float2(0.0, _112.inv_zoom / size.y);
    }

    static inline __attribute__((always_inline))
    float3 aces(thread const float3& x)
    {
        return fast::clamp((x * ((x * 2.5099999904632568359375) + float3(0.02999999932944774627685546875))) / ((x * ((x * 2.4300000667572021484375) + float3(0.589999973773956298828125))) + float3(0.14000000059604644775390625)), float3(0.0), float3(1.0));
    }

    static inline __attribute__((always_inline))
    float3 reinhard(thread const float3& c)
    {
        return c / (float3(1.0) + c);
    }

    static inline __attribute__((always_inline))
    float4 shade(thread const float4& pos, constant params& _112, texture2d<float> tex, sampler samp_point, sampler samp_aniso)
    {
        if (_112.has_image == 0)
        {
            return _112.clear_lin;
        }
        float2 _314 = pos.xy - _112.surf_origin;
        float2 _332 = (_112.img_size * 0.5) + ((_314 - ((_112.surf_size * 0.5) + _112.pan)) * _112.inv_zoom);
        float _335 = _332.x;
        float _344 = _332.y;
        float _357 = fast::max(fast::max(-_335, _335 - _112.img_size.x), fast::max(-_344, _344 - _112.img_size.y)) / _112.inv_zoom;
        if (((_112.outline != 0) && (_357 > (-0.00390625))) && (_357 < 0.99609375))
        {
            float _376 = float(_112.background == 0);
            return float4(_376, _376, _376, 1.0);
        }
        bool _382 = _335 < 0.0;
        bool _389;
        if (!_382)
        {
            _389 = _344 < 0.0;
        }
        else
        {
            _389 = _382;
        }
        bool _398;
        if (!_389)
        {
            _398 = _335 >= _112.img_size.x;
        }
        else
        {
            _398 = _389;
        }
        bool _407;
        if (!_398)
        {
            _407 = _344 >= _112.img_size.y;
        }
        else
        {
            _407 = _398;
        }
        if (_407)
        {
            float2 param = _314;
            return float4(backdrop(param, _112), 1.0);
        }
        float3 rgb;
        float a;
        if (_112.fb_on != 0)
        {
            float2 param_1 = _332;
            float2 param_2 = _112.cell_a;
            float4 s = sample_cell(param_1, param_2, _112, tex, samp_point, samp_aniso);
            if (_112.fb_blend > 0.0)
            {
                float2 param_3 = _332;
                float2 param_4 = _112.cell_b;
                s = mix(s, sample_cell(param_3, param_4, _112, tex, samp_point, samp_aniso), float4(_112.fb_blend));
            }
            rgb = s.xyz;
            a = s.w;
        }
        else
        {
            float4 _462;
            if (_112.inv_zoom <= 1.0)
            {
                float2 param_5 = _332;
                float2 param_6 = _112.img_size;
                _462 = tex.sample(samp_point, texel_center(param_5, param_6), level(0.0));
            }
            else
            {
                float2 param_7 = _112.img_size;
                float2 param_8 = _112.img_size;
                _462 = tex.sample(samp_aniso, (_332 / _112.img_size), gradient2d(grad_x(param_7, _112), grad_y(param_8, _112)));
            }
            rgb = _462.xyz;
            a = _462.w;
            if (_112.linear_sample == 0)
            {
                float3 param_9 = rgb;
                rgb = srgb_to_linear(param_9);
            }
        }
        if (_112.is_hdr != 0)
        {
            rgb *= _112.exposure;
            float3 _520;
            if (_112.tonemap == 1)
            {
                float3 param_10 = rgb;
                _520 = aces(param_10);
            }
            else
            {
                float3 param_11 = rgb;
                _520 = reinhard(param_11);
            }
            rgb = _520;
        }
        float3 outc;
        if (_112.channel == 1)
        {
            outc = rgb.xxx;
        }
        else
        {
            if (_112.channel == 2)
            {
                outc = rgb.yyy;
            }
            else
            {
                if (_112.channel == 3)
                {
                    outc = rgb.zzz;
                }
                else
                {
                    if (_112.channel == 4)
                    {
                        float3 param_12 = float3(a);
                        outc = srgb_to_linear(param_12).xxx;
                    }
                    else
                    {
                        if (_112.channel == 5)
                        {
                            outc = rgb;
                        }
                        else
                        {
                            outc = rgb;
                            if (a < 0.999000012874603271484375)
                            {
                                float2 param_13 = _314;
                                outc = (backdrop(param_13, _112) * (1.0 - a)) + (rgb * a);
                            }
                        }
                    }
                }
            }
        }
        if (_112.oct_hide > 0.0)
        {
            float2 _604 = abs((_332 / _112.img_size) - float2(0.5));
            float _613 = _112.oct_crop / fast::max(1.0 - _112.oct_crop, 0.5);
            float _615 = _604.x;
            float _618 = _604.y;
            if (fast::max(_615 + (_613 * _618), _618 + (_613 * _615)) > 0.5)
            {
                float2 param_14 = _314;
                outc = mix(outc, backdrop(param_14, _112), float3(_112.oct_hide));
            }
        }
        return float4(outc, 1.0);
    }

    static inline __attribute__((always_inline))
    float3 linear_to_srgb(thread const float3& c)
    {
        return mix((powr(fast::max(c, float3(0.0)), float3(0.4166666567325592041015625)) * 1.05499994754791259765625) - float3(0.054999999701976776123046875), c * 12.9200000762939453125, step(c, float3(0.003130800090730190277099609375)));
    }

    fragment main0_out main0(constant params& _112 [[buffer(0)]], texture2d<float> tex [[texture(0)]], sampler samp_aniso [[sampler(0)]], sampler samp_point [[sampler(1)]], float4 gl_FragCoord [[position]])
    {
        main0_out out = {};
        float4 param = gl_FragCoord;
        float4 _652 = shade(param, _112, tex, samp_point, samp_aniso);
        float3 param_1 = fast::clamp(_652.xyz, float3(0.0), float3(1.0));
        out.frag_color = float4(linear_to_srgb(param_1), _652.w);
        return out;
    }

*/
pub const PS_MAIN_SOURCE_METAL_MACOS: [u8; 8732] = [
    0x23, 0x70, 0x72, 0x61, 0x67, 0x6d, 0x61, 0x20, 0x63, 0x6c, 0x61, 0x6e, 0x67, 0x20, 0x64, 0x69,
    0x61, 0x67, 0x6e, 0x6f, 0x73, 0x74, 0x69, 0x63, 0x20, 0x69, 0x67, 0x6e, 0x6f, 0x72, 0x65, 0x64,
    0x20, 0x22, 0x2d, 0x57, 0x6d, 0x69, 0x73, 0x73, 0x69, 0x6e, 0x67, 0x2d, 0x70, 0x72, 0x6f, 0x74,
    0x6f, 0x74, 0x79, 0x70, 0x65, 0x73, 0x22, 0x0a, 0x0a, 0x23, 0x69, 0x6e, 0x63, 0x6c, 0x75, 0x64,
    0x65, 0x20, 0x3c, 0x6d, 0x65, 0x74, 0x61, 0x6c, 0x5f, 0x73, 0x74, 0x64, 0x6c, 0x69, 0x62, 0x3e,
    0x0a, 0x23, 0x69, 0x6e, 0x63, 0x6c, 0x75, 0x64, 0x65, 0x20, 0x3c, 0x73, 0x69, 0x6d, 0x64, 0x2f,
    0x73, 0x69, 0x6d, 0x64, 0x2e, 0x68, 0x3e, 0x0a, 0x0a, 0x75, 0x73, 0x69, 0x6e, 0x67, 0x20, 0x6e,
    0x61, 0x6d, 0x65, 0x73, 0x70, 0x61, 0x63, 0x65, 0x20, 0x6d, 0x65, 0x74, 0x61, 0x6c, 0x3b, 0x0a,
    0x0a, 0x2f, 0x2f, 0x20, 0x49, 0x6d, 0x70, 0x6c, 0x65, 0x6d, 0x65, 0x6e, 0x74, 0x61, 0x74, 0x69,
    0x6f, 0x6e, 0x20, 0x6f, 0x66, 0x20, 0x74, 0x68, 0x65, 0x20, 0x47, 0x4c, 0x53, 0x4c, 0x20, 0x6d,
    0x6f, 0x64, 0x28, 0x29, 0x20, 0x66, 0x75, 0x6e, 0x63, 0x74, 0x69, 0x6f, 0x6e, 0x2c, 0x20, 0x77,
    0x68, 0x69, 0x63, 0x68, 0x20, 0x69, 0x73, 0x20, 0x73, 0x6c, 0x69, 0x67, 0x68, 0x74, 0x6c, 0x79,
    0x20, 0x64, 0x69, 0x66, 0x66, 0x65, 0x72, 0x65, 0x6e, 0x74, 0x20, 0x74, 0x68, 0x61, 0x6e, 0x20,
    0x4d, 0x65, 0x74, 0x61, 0x6c, 0x20, 0x66, 0x6d, 0x6f, 0x64, 0x28, 0x29, 0x0a, 0x74, 0x65, 0x6d,
    0x70, 0x6c, 0x61, 0x74, 0x65, 0x3c, 0x74, 0x79, 0x70, 0x65, 0x6e, 0x61, 0x6d, 0x65, 0x20, 0x54,
    0x78, 0x2c, 0x20, 0x74, 0x79, 0x70, 0x65, 0x6e, 0x61, 0x6d, 0x65, 0x20, 0x54, 0x79, 0x3e, 0x0a,
    0x69, 0x6e, 0x6c, 0x69, 0x6e, 0x65, 0x20, 0x54, 0x78, 0x20, 0x6d, 0x6f, 0x64, 0x28, 0x54, 0x78,
    0x20, 0x78, 0x2c, 0x20, 0x54, 0x79, 0x20, 0x79, 0x29, 0x0a, 0x7b, 0x0a, 0x20, 0x20, 0x20, 0x20,
    0x72, 0x65, 0x74, 0x75, 0x72, 0x6e, 0x20, 0x78, 0x20, 0x2d, 0x20, 0x79, 0x20, 0x2a, 0x20, 0x66,
    0x6c, 0x6f, 0x6f, 0x72, 0x28, 0x78, 0x20, 0x2f, 0x20, 0x79, 0x29, 0x3b, 0x0a, 0x7d, 0x0a, 0x0a,
    0x73, 0x74, 0x72, 0x75, 0x63, 0x74, 0x20, 0x70, 0x61, 0x72, 0x61, 0x6d, 0x73, 0x0a, 0x7b, 0x0a,
    0x20, 0x20, 0x20, 0x20, 0x66, 0x6c, 0x6f, 0x61, 0x74, 0x32, 0x20, 0x69, 0x6d, 0x67, 0x5f, 0x73,
    0x69, 0x7a, 0x65, 0x3b, 0x0a, 0x20, 0x20, 0x20, 0x20, 0x66, 0x6c, 0x6f, 0x61, 0x74, 0x32, 0x20,
    0x73, 0x75, 0x72, 0x66, 0x5f, 0x73, 0x69, 0x7a, 0x65, 0x3b, 0x0a, 0x20, 0x20, 0x20, 0x20, 0x66,
    0x6c, 0x6f, 0x61, 0x74, 0x32, 0x20, 0x70, 0x61, 0x6e, 0x3b, 0x0a, 0x20, 0x20, 0x20, 0x20, 0x66,
    0x6c, 0x6f, 0x61, 0x74, 0x20, 0x69, 0x6e, 0x76, 0x5f, 0x7a, 0x6f, 0x6f, 0x6d, 0x3b, 0x0a, 0x20,
    0x20, 0x20, 0x20, 0x66, 0x6c, 0x6f, 0x61, 0x74, 0x20, 0x65, 0x78, 0x70, 0x6f, 0x73, 0x75, 0x72,
    0x65, 0x3b, 0x0a, 0x20, 0x20, 0x20, 0x20, 0x69, 0x6e, 0x74, 0x20, 0x63, 0x68, 0x61, 0x6e, 0x6e,
    0x65, 0x6c, 0x3b, 0x0a, 0x20, 0x20, 0x20, 0x20, 0x69, 0x6e, 0x74, 0x20, 0x74, 0x6f, 0x6e, 0x65,
    0x6d, 0x61, 0x70, 0x3b, 0x0a, 0x20, 0x20, 0x20, 0x20, 0x69, 0x6e, 0x74, 0x20, 0x69, 0x73, 0x5f,
    0x68, 0x64, 0x72, 0x3b, 0x0a, 0x20, 0x20, 0x20, 0x20, 0x69, 0x6e, 0x74, 0x20, 0x68, 0x61, 0x73,
    0x5f, 0x69, 0x6d, 0x61, 0x67, 0x65, 0x3b, 0x0a, 0x20, 0x20, 0x20, 0x20, 0x69, 0x6e, 0x74, 0x20,
    0x6c, 0x69, 0x6e, 0x65, 0x61, 0x72, 0x5f, 0x73, 0x61, 0x6d, 0x70, 0x6c, 0x65, 0x3b, 0x0a, 0x20,
    0x20, 0x20, 0x20, 0x69, 0x6e, 0x74, 0x20, 0x62, 0x61, 0x63, 0x6b, 0x67, 0x72, 0x6f, 0x75, 0x6e,
    0x64, 0x3b, 0x0a, 0x20, 0x20, 0x20, 0x20, 0x69, 0x6e, 0x74, 0x20, 0x6f, 0x75, 0x74, 0x6c, 0x69,
    0x6e, 0x65, 0x3b, 0x0a, 0x20, 0x20, 0x20, 0x20, 0x69, 0x6e, 0x74, 0x20, 0x66, 0x62, 0x5f, 0x6f,
    0x6e, 0x3b, 0x0a, 0x20, 0x20, 0x20, 0x20, 0x66, 0x6c, 0x6f, 0x61, 0x74, 0x34, 0x20, 0x63, 0x6c,
    0x65, 0x61, 0x72, 0x5f, 0x6c, 0x69, 0x6e, 0x3b, 0x0a, 0x20, 0x20, 0x20, 0x20, 0x66, 0x6c, 0x6f,
    0x61, 0x74, 0x32, 0x20, 0x73, 0x68, 0x65, 0x65, 0x74, 0x5f, 0x73, 0x69, 0x7a, 0x65, 0x3b, 0x0a,
    0x20, 0x20, 0x20, 0x20, 0x66, 0x6c, 0x6f, 0x61, 0x74, 0x32, 0x20, 0x63, 0x65, 0x6c, 0x6c, 0x5f,
    0x61, 0x3b, 0x0a, 0x20, 0x20, 0x20, 0x20, 0x66, 0x6c, 0x6f, 0x61, 0x74, 0x32, 0x20, 0x63, 0x65,
    0x6c, 0x6c, 0x5f, 0x62, 0x3b, 0x0a, 0x20, 0x20, 0x20, 0x20, 0x66, 0x6c, 0x6f, 0x61, 0x74, 0x20,
    0x66, 0x62, 0x5f, 0x62, 0x6c, 0x65, 0x6e, 0x64, 0x3b, 0x0a, 0x20, 0x20, 0x20, 0x20, 0x66, 0x6c,
    0x6f, 0x61, 0x74, 0x20, 0x66, 0x62, 0x5f, 0x6d, 0x61, 0x78, 0x5f, 0x6c, 0x6f, 0x64, 0x3b, 0x0a,
    0x20, 0x20, 0x20, 0x20, 0x66, 0x6c, 0x6f, 0x61, 0x74, 0x32, 0x20, 0x73, 0x75, 0x72, 0x66, 0x5f,
    0x6f, 0x72, 0x69, 0x67, 0x69, 0x6e, 0x3b, 0x0a, 0x20, 0x20, 0x20, 0x20, 0x66, 0x6c, 0x6f, 0x61,
    0x74, 0x20, 0x6f, 0x63, 0x74, 0x5f, 0x63, 0x72, 0x6f, 0x70, 0x3b, 0x0a, 0x20, 0x20, 0x20, 0x20,
    0x66, 0x6c, 0x6f, 0x61, 0x74, 0x20, 0x6f, 0x63, 0x74, 0x5f, 0x68, 0x69, 0x64, 0x65, 0x3b, 0x0a,
    0x7d, 0x3b, 0x0a, 0x0a, 0x73, 0x74, 0x72, 0x75, 0x63, 0x74, 0x20, 0x6d, 0x61, 0x69, 0x6e, 0x30,
    0x5f, 0x6f, 0x75, 0x74, 0x0a, 0x7b, 0x0a, 0x20, 0x20, 0x20, 0x20, 0x66, 0x6c, 0x6f, 0x61, 0x74,
    0x34, 0x20, 0x66, 0x72, 0x61, 0x67, 0x5f, 0x63, 0x6f, 0x6c, 0x6f, 0x72, 0x20, 0x5b, 0x5b, 0x63,
    0x6f, 0x6c, 0x6f, 0x72, 0x28, 0x30, 0x29, 0x5d, 0x5d, 0x3b, 0x0a, 0x7d, 0x3b, 0x0a, 0x0a, 0x73,
    0x74, 0x61, 0x74, 0x69, 0x63, 0x20, 0x69, 0x6e, 0x6c, 0x69, 0x6e, 0x65, 0x20, 0x5f, 0x5f, 0x61,
    0x74, 0x74, 0x72, 0x69, 0x62, 0x75, 0x74, 0x65, 0x5f, 0x5f, 0x28, 0x28, 0x61, 0x6c, 0x77, 0x61,
    0x79, 0x73, 0x5f, 0x69, 0x6e, 0x6c, 0x69, 0x6e, 0x65, 0x29, 0x29, 0x0a, 0x66, 0x6c, 0x6f, 0x61,
    0x74, 0x33, 0x20, 0x73, 0x72, 0x67, 0x62, 0x5f, 0x74, 0x6f, 0x5f, 0x6c, 0x69, 0x6e, 0x65, 0x61,
    0x72, 0x28, 0x74, 0x68, 0x72, 0x65, 0x61, 0x64, 0x20, 0x63, 0x6f, 0x6e, 0x73, 0x74, 0x20, 0x66,
    0x6c, 0x6f, 0x61, 0x74, 0x33, 0x26, 0x20, 0x63, 0x29, 0x0a, 0x7b, 0x0a, 0x20, 0x20, 0x20, 0x20,
    0x72, 0x65, 0x74, 0x75, 0x72, 0x6e, 0x20, 0x6d, 0x69, 0x78, 0x28, 0x70, 0x6f, 0x77, 0x72, 0x28,
    0x66, 0x61, 0x73, 0x74, 0x3a, 0x3a, 0x6d, 0x61, 0x78, 0x28, 0x28, 0x63, 0x20, 0x2b, 0x20, 0x66,
    0x6c, 0x6f, 0x61, 0x74, 0x33, 0x28, 0x30, 0x2e, 0x30, 0x35, 0x34, 0x39, 0x39, 0x39, 0x39, 0x39,
    0x39, 0x37, 0x30, 0x31, 0x39, 0x37, 0x36, 0x37, 0x37, 0x36, 0x31, 0x32, 0x33, 0x30, 0x34, 0x36,
    0x38, 0x37, 0x35, 0x29, 0x29, 0x20, 0x2a, 0x20, 0x66, 0x6c, 0x6f, 0x61, 0x74, 0x33, 0x28, 0x30,
    0x2e, 0x39, 0x34, 0x37, 0x38, 0x36, 0x37, 0x33, 0x33, 0x33, 0x38, 0x38, 0x39, 0x30, 0x30, 0x37,
    0x35, 0x36, 0x38, 0x33, 0x35, 0x39, 0x33, 0x37, 0x35, 0x29, 0x2c, 0x20, 0x66, 0x6c, 0x6f, 0x61,
    0x74, 0x33, 0x28, 0x30, 0x2e, 0x30, 0x29, 0x29, 0x2c, 0x20, 0x66, 0x6c, 0x6f, 0x61, 0x74, 0x33,
    0x28, 0x32, 0x2e, 0x34, 0x30, 0x30, 0x30, 0x30, 0x30, 0x30, 0x39, 0x35, 0x33, 0x36, 0x37, 0x34,
    0x33, 0x31, 0x36, 0x34, 0x30, 0x36, 0x32, 0x35, 0x29, 0x29, 0x2c, 0x20, 0x63, 0x20, 0x2a, 0x20,
    0x66, 0x6c, 0x6f, 0x61, 0x74, 0x33, 0x28, 0x30, 0x2e, 0x30, 0x37, 0x37, 0x33, 0x39, 0x39, 0x33,
    0x38, 0x30, 0x35, 0x30, 0x35, 0x30, 0x38, 0x34, 0x39, 0x39, 0x31, 0x34, 0x35, 0x35, 0x30, 0x37,
    0x38, 0x31, 0x32, 0x35, 0x29, 0x2c, 0x20, 0x73, 0x74, 0x65, 0x70, 0x28, 0x63, 0x2c, 0x20, 0x66,
    0x6c, 0x6f, 0x61, 0x74, 0x33, 0x28, 0x30, 0x2e, 0x30, 0x34, 0x30, 0x34, 0x34, 0x39, 0x39, 0x39,
    0x39, 0x32, 0x37, 0x32, 0x38, 0x32, 0x33, 0x33, 0x33, 0x33, 0x37, 0x34, 0x30, 0x32, 0x33, 0x34,
    0x33, 0x37, 0x35, 0x29, 0x29, 0x29, 0x3b, 0x0a, 0x7d, 0x0a, 0x0a, 0x73, 0x74, 0x61, 0x74, 0x69,
    0x63, 0x20, 0x69, 0x6e, 0x6c, 0x69, 0x6e, 0x65, 0x20, 0x5f, 0x5f, 0x61, 0x74, 0x74, 0x72, 0x69,
    0x62, 0x75, 0x74, 0x65, 0x5f, 0x5f, 0x28, 0x28, 0x61, 0x6c, 0x77, 0x61, 0x79, 0x73, 0x5f, 0x69,
    0x6e, 0x6c, 0x69, 0x6e, 0x65, 0x29, 0x29, 0x0a, 0x66, 0x6c, 0x6f, 0x61, 0x74, 0x33, 0x20, 0x62,
    0x61, 0x63, 0x6b, 0x64, 0x72, 0x6f, 0x70, 0x28, 0x74, 0x68, 0x72, 0x65, 0x61, 0x64, 0x20, 0x63,
    0x6f, 0x6e, 0x73, 0x74, 0x20, 0x66, 0x6c, 0x6f, 0x61, 0x74, 0x32, 0x26, 0x20, 0x73, 0x70, 0x2c,
    0x20, 0x63, 0x6f, 0x6e, 0x73, 0x74, 0x61, 0x6e, 0x74, 0x20, 0x70, 0x61, 0x72, 0x61, 0x6d, 0x73,
    0x26, 0x20, 0x5f, 0x31, 0x31, 0x32, 0x29, 0x0a, 0x7b, 0x0a, 0x20, 0x20, 0x20, 0x20, 0x69, 0x66,
    0x20, 0x28, 0x5f, 0x31, 0x31, 0x32, 0x2e, 0x62, 0x61, 0x63, 0x6b, 0x67, 0x72, 0x6f, 0x75, 0x6e,
    0x64, 0x20, 0x3d, 0x3d, 0x20, 0x30, 0x29, 0x0a, 0x20, 0x20, 0x20, 0x20, 0x7b, 0x0a, 0x20, 0x20,
    0x20, 0x20, 0x20, 0x20, 0x20, 0x20, 0x72, 0x65, 0x74, 0x75, 0x72, 0x6e, 0x20, 0x66, 0x6c, 0x6f,
    0x61, 0x74, 0x33, 0x28, 0x30, 0x2e, 0x30, 0x29, 0x3b, 0x0a, 0x20, 0x20, 0x20, 0x20, 0x7d, 0x0a,
    0x20, 0x20, 0x20, 0x20, 0x69, 0x66, 0x20, 0x28, 0x5f, 0x31, 0x31, 0x32, 0x2e, 0x62, 0x61, 0x63,
    0x6b, 0x67, 0x72, 0x6f, 0x75, 0x6e, 0x64, 0x20, 0x3d, 0x3d, 0x20, 0x31, 0x29, 0x0a, 0x20, 0x20,
    0x20, 0x20, 0x7b, 0x0a, 0x20, 0x20, 0x20, 0x20, 0x20, 0x20, 0x20, 0x20, 0x72, 0x65, 0x74, 0x75,
    0x72, 0x6e, 0x20, 0x66, 0x6c, 0x6f, 0x61, 0x74, 0x33, 0x28, 0x31, 0x2e, 0x30, 0x29, 0x3b, 0x0a,
    0x20, 0x20, 0x20, 0x20, 0x7d, 0x0a, 0x20, 0x20, 0x20, 0x20, 0x69, 0x66, 0x20, 0x28, 0x5f, 0x31,
    0x31, 0x32, 0x2e, 0x62, 0x61, 0x63, 0x6b, 0x67, 0x72, 0x6f, 0x75, 0x6e, 0x64, 0x20, 0x3d, 0x3d,
    0x20, 0x32, 0x29, 0x0a, 0x20, 0x20, 0x20, 0x20, 0x7b, 0x0a, 0x20, 0x20, 0x20, 0x20, 0x20, 0x20,
    0x20, 0x20, 0x66, 0x6c, 0x6f, 0x61, 0x74, 0x33, 0x20, 0x70, 0x61, 0x72, 0x61, 0x6d, 0x20, 0x3d,
    0x20, 0x66, 0x6c, 0x6f, 0x61, 0x74, 0x33, 0x28, 0x30, 0x2e, 0x34, 0x30, 0x30, 0x30, 0x30, 0x30,
    0x30, 0x30, 0x35, 0x39, 0x36, 0x30, 0x34, 0x36, 0x34, 0x34, 0x37, 0x37, 0x35, 0x33, 0x39, 0x30,
    0x36, 0x32, 0x35, 0x29, 0x3b, 0x0a, 0x20, 0x20, 0x20, 0x20, 0x20, 0x20, 0x20, 0x20, 0x72, 0x65,
    0x74, 0x75, 0x72, 0x6e, 0x20, 0x73, 0x72, 0x67, 0x62, 0x5f, 0x74, 0x6f, 0x5f, 0x6c, 0x69, 0x6e,
    0x65, 0x61, 0x72, 0x28, 0x70, 0x61, 0x72, 0x61, 0x6d, 0x29, 0x3b, 0x0a, 0x20, 0x20, 0x20, 0x20,
    0x7d, 0x0a, 0x20, 0x20, 0x20, 0x20, 0x66, 0x6c, 0x6f, 0x61, 0x74, 0x32, 0x20, 0x5f, 0x31, 0x34,
    0x38, 0x20, 0x3d, 0x20, 0x66, 0x6c, 0x6f, 0x6f, 0x72, 0x28, 0x73, 0x70, 0x20, 0x2a, 0x20, 0x66,
    0x6c, 0x6f, 0x61, 0x74, 0x32, 0x28, 0x30, 0x2e, 0x30, 0x38, 0x33, 0x33, 0x33, 0x33, 0x33, 0x33,
    0x35, 0x38, 0x31, 0x36, 0x38, 0x36, 0x30, 0x31, 0x39, 0x38, 0x39, 0x37, 0x34, 0x36, 0x30, 0x39,
    0x33, 0x37, 0x35, 0x29, 0x29, 0x3b, 0x0a, 0x20, 0x20, 0x20, 0x20, 0x72, 0x65, 0x74, 0x75, 0x72,
    0x6e, 0x20, 0x66, 0x6c, 0x6f, 0x61, 0x74, 0x33, 0x28, 0x28, 0x6d, 0x6f, 0x64, 0x28, 0x5f, 0x31,
    0x34, 0x38, 0x2e, 0x78, 0x20, 0x2b, 0x20, 0x5f, 0x31, 0x34, 0x38, 0x2e, 0x79, 0x2c, 0x20, 0x32,
    0x2e, 0x30, 0x29, 0x20, 0x3c, 0x20, 0x30, 0x2e, 0x35, 0x29, 0x20, 0x3f, 0x20, 0x30, 0x2e, 0x34,
    0x34, 0x39, 0x39, 0x39, 0x39, 0x39, 0x38, 0x38, 0x30, 0x37, 0x39, 0x30, 0x37, 0x31, 0x30, 0x34,
    0x34, 0x39, 0x32, 0x31, 0x38, 0x37, 0x35, 0x20, 0x3a, 0x20, 0x30, 0x2e, 0x32, 0x30, 0x39, 0x39,
    0x39, 0x39, 0x39, 0x39, 0x33, 0x34, 0x34, 0x33, 0x34, 0x38, 0x39, 0x30, 0x37, 0x34, 0x37, 0x30,
    0x37, 0x30, 0x33, 0x31, 0x32, 0x35, 0x29, 0x3b, 0x0a, 0x7d, 0x0a, 0x0a, 0x73, 0x74, 0x61, 0x74,
    0x69, 0x63, 0x20, 0x69, 0x6e, 0x6c, 0x69, 0x6e, 0x65, 0x20, 0x5f, 0x5f, 0x61, 0x74, 0x74, 0x72,
    0x69, 0x62, 0x75, 0x74, 0x65, 0x5f, 0x5f, 0x28, 0x28, 0x61, 0x6c, 0x77, 0x61, 0x79, 0x73, 0x5f,
    0x69, 0x6e, 0x6c, 0x69, 0x6e, 0x65, 0x29, 0x29, 0x0a, 0x66, 0x6c, 0x6f, 0x61, 0x74, 0x32, 0x20,
    0x74, 0x65, 0x78, 0x65, 0x6c, 0x5f, 0x63, 0x65, 0x6e, 0x74, 0x65, 0x72, 0x28, 0x74, 0x68, 0x72,
    0x65, 0x61, 0x64, 0x20, 0x63, 0x6f, 0x6e, 0x73, 0x74, 0x20, 0x66, 0x6c, 0x6f, 0x61, 0x74, 0x32,
    0x26, 0x20, 0x74, 0x2c, 0x20, 0x74, 0x68, 0x72, 0x65, 0x61, 0x64, 0x20, 0x63, 0x6f, 0x6e, 0x73,
    0x74, 0x20, 0x66, 0x6c, 0x6f, 0x61, 0x74, 0x32, 0x26, 0x20, 0x73, 0x69, 0x7a, 0x65, 0x29, 0x0a,
    0x7b, 0x0a, 0x20, 0x20, 0x20, 0x20, 0x72, 0x65, 0x74, 0x75, 0x72, 0x6e, 0x20, 0x28, 0x66, 0x6c,
    0x6f, 0x6f, 0x72, 0x28, 0x74, 0x29, 0x20, 0x2b, 0x20, 0x66, 0x6c, 0x6f, 0x61, 0x74, 0x32, 0x28,
    0x30, 0x2e, 0x35, 0x29, 0x29, 0x20, 0x2f, 0x20, 0x73, 0x69, 0x7a, 0x65, 0x3b, 0x0a, 0x7d, 0x0a,
    0x0a, 0x73, 0x74, 0x61, 0x74, 0x69, 0x63, 0x20, 0x69, 0x6e, 0x6c, 0x69, 0x6e, 0x65, 0x20, 0x5f,
    0x5f, 0x61, 0x74, 0x74, 0x72, 0x69, 0x62, 0x75, 0x74, 0x65, 0x5f, 0x5f, 0x28, 0x28, 0x61, 0x6c,
    0x77, 0x61, 0x79, 0x73, 0x5f, 0x69, 0x6e, 0x6c, 0x69, 0x6e, 0x65, 0x29, 0x29, 0x0a, 0x66, 0x6c,
    0x6f, 0x61, 0x74, 0x34, 0x20, 0x73, 0x61, 0x6d, 0x70, 0x6c, 0x65, 0x5f, 0x63, 0x65, 0x6c, 0x6c,
    0x28, 0x74, 0x68, 0x72, 0x65, 0x61, 0x64, 0x20, 0x63, 0x6f, 0x6e, 0x73, 0x74, 0x20, 0x66, 0x6c,
    0x6f, 0x61, 0x74, 0x32, 0x26, 0x20, 0x66, 0x2c, 0x20, 0x74, 0x68, 0x72, 0x65, 0x61, 0x64, 0x20,
    0x63, 0x6f, 0x6e, 0x73, 0x74, 0x20, 0x66, 0x6c, 0x6f, 0x61, 0x74, 0x32, 0x26, 0x20, 0x63, 0x65,
    0x6c, 0x6c, 0x2c, 0x20, 0x63, 0x6f, 0x6e, 0x73, 0x74, 0x61, 0x6e, 0x74, 0x20, 0x70, 0x61, 0x72,
    0x61, 0x6d, 0x73, 0x26, 0x20, 0x5f, 0x31, 0x31, 0x32, 0x2c, 0x20, 0x74, 0x65, 0x78, 0x74, 0x75,
    0x72, 0x65, 0x32, 0x64, 0x3c, 0x66, 0x6c, 0x6f, 0x61, 0x74, 0x3e, 0x20, 0x74, 0x65, 0x78, 0x2c,
    0x20, 0x73, 0x61, 0x6d, 0x70, 0x6c, 0x65, 0x72, 0x20, 0x73, 0x61, 0x6d, 0x70, 0x5f, 0x70, 0x6f,
    0x69, 0x6e, 0x74, 0x2c, 0x20, 0x73, 0x61, 0x6d, 0x70, 0x6c, 0x65, 0x72, 0x20, 0x73, 0x61, 0x6d,
    0x70, 0x5f, 0x61, 0x6e, 0x69, 0x73, 0x6f, 0x29, 0x0a, 0x7b, 0x0a, 0x20, 0x20, 0x20, 0x20, 0x66,
    0x6c, 0x6f, 0x61, 0x74, 0x32, 0x20, 0x5f, 0x32, 0x33, 0x31, 0x20, 0x3d, 0x20, 0x63, 0x65, 0x6c,
    0x6c, 0x20, 0x2b, 0x20, 0x66, 0x61, 0x73, 0x74, 0x3a, 0x3a, 0x63, 0x6c, 0x61, 0x6d, 0x70, 0x28,
    0x66, 0x2c, 0x20, 0x66, 0x6c, 0x6f, 0x61, 0x74, 0x32, 0x28, 0x30, 0x2e, 0x35, 0x29, 0x2c, 0x20,
    0x5f, 0x31, 0x31, 0x32, 0x2e, 0x69, 0x6d, 0x67, 0x5f, 0x73, 0x69, 0x7a, 0x65, 0x20, 0x2d, 0x20,
    0x66, 0x6c, 0x6f, 0x61, 0x74, 0x32, 0x28, 0x30, 0x2e, 0x35, 0x29, 0x29, 0x3b, 0x0a, 0x20, 0x20,
    0x20, 0x20, 0x66, 0x6c, 0x6f, 0x61, 0x74, 0x34, 0x20, 0x73, 0x3b, 0x0a, 0x20, 0x20, 0x20, 0x20,
    0x69, 0x66, 0x20, 0x28, 0x5f, 0x31, 0x31, 0x32, 0x2e, 0x69, 0x6e, 0x76, 0x5f, 0x7a, 0x6f, 0x6f,
    0x6d, 0x20, 0x3c, 0x3d, 0x20, 0x31, 0x2e, 0x30, 0x29, 0x0a, 0x20, 0x20, 0x20, 0x20, 0x7b, 0x0a,
    0x20, 0x20, 0x20, 0x20, 0x20, 0x20, 0x20, 0x20, 0x66, 0x6c, 0x6f, 0x61, 0x74, 0x32, 0x20, 0x70,
    0x61, 0x72, 0x61, 0x6d, 0x20, 0x3d, 0x20, 0x5f, 0x32, 0x33, 0x31, 0x3b, 0x0a, 0x20, 0x20, 0x20,
    0x20, 0x20, 0x20, 0x20, 0x20, 0x66, 0x6c, 0x6f, 0x61, 0x74, 0x32, 0x20, 0x70, 0x61, 0x72, 0x61,
    0x6d, 0x5f, 0x31, 0x20, 0x3d, 0x20, 0x5f, 0x31, 0x31, 0x32, 0x2e, 0x73, 0x68, 0x65, 0x65, 0x74,
    0x5f, 0x73, 0x69, 0x7a, 0x65, 0x3b, 0x0a, 0x20, 0x20, 0x20, 0x20, 0x20, 0x20, 0x20, 0x20, 0x73,
    0x20, 0x3d, 0x20, 0x74, 0x65, 0x78, 0x2e, 0x73, 0x61, 0x6d, 0x70, 0x6c, 0x65, 0x28, 0x73, 0x61,
    0x6d, 0x70, 0x5f, 0x70, 0x6f, 0x69, 0x6e, 0x74, 0x2c, 0x20, 0x74, 0x65, 0x78, 0x65, 0x6c, 0x5f,
    0x63, 0x65, 0x6e, 0x74, 0x65, 0x72, 0x28, 0x70, 0x61, 0x72, 0x61, 0x6d, 0x2c, 0x20, 0x70, 0x61,
    0x72, 0x61, 0x6d, 0x5f, 0x31, 0x29, 0x2c, 0x20, 0x6c, 0x65, 0x76, 0x65, 0x6c, 0x28, 0x30, 0x2e,
    0x30, 0x29, 0x29, 0x3b, 0x0a, 0x20, 0x20, 0x20, 0x20, 0x7d, 0x0a, 0x20, 0x20, 0x20, 0x20, 0x65,
    0x6c, 0x73, 0x65, 0x0a, 0x20, 0x20, 0x20, 0x20, 0x7b, 0x0a, 0x20, 0x20, 0x20, 0x20, 0x20, 0x20,
    0x20, 0x20, 0x73, 0x20, 0x3d, 0x20, 0x74, 0x65, 0x78, 0x2e, 0x73, 0x61, 0x6d, 0x70, 0x6c, 0x65,
    0x28, 0x73, 0x61, 0x6d, 0x70, 0x5f, 0x61, 0x6e, 0x69, 0x73, 0x6f, 0x2c, 0x20, 0x28, 0x5f, 0x32,
    0x33, 0x31, 0x20, 0x2f, 0x20, 0x5f, 0x31, 0x31, 0x32, 0x2e, 0x73, 0x68, 0x65, 0x65, 0x74, 0x5f,
    0x73, 0x69, 0x7a, 0x65, 0x29, 0x2c, 0x20, 0x6c, 0x65, 0x76, 0x65, 0x6c, 0x28, 0x66, 0x61, 0x73,
    0x74, 0x3a, 0x3a, 0x6d, 0x69, 0x6e, 0x28, 0x6c, 0x6f, 0x67, 0x32, 0x28, 0x5f, 0x31, 0x31, 0x32,
    0x2e, 0x69, 0x6e, 0x76, 0x5f, 0x7a, 0x6f, 0x6f, 0x6d, 0x29, 0x2c, 0x20, 0x5f, 0x31, 0x31, 0x32,
    0x2e, 0x66, 0x62, 0x5f, 0x6d, 0x61, 0x78, 0x5f, 0x6c, 0x6f, 0x64, 0x29, 0x29, 0x29, 0x3b, 0x0a,
    0x20, 0x20, 0x20, 0x20, 0x7d, 0x0a, 0x20, 0x20, 0x20, 0x20, 0x69, 0x66, 0x20, 0x28, 0x5f, 0x31,
    0x31, 0x32, 0x2e, 0x6c, 0x69, 0x6e, 0x65, 0x61, 0x72, 0x5f, 0x73, 0x61, 0x6d, 0x70, 0x6c, 0x65,
    0x20, 0x3d, 0x3d, 0x20, 0x30, 0x29, 0x0a, 0x20, 0x20, 0x20, 0x20, 0x7b, 0x0a, 0x20, 0x20, 0x20,
    0x20, 0x20, 0x20, 0x20, 0x20, 0x66, 0x6c, 0x6f, 0x61, 0x74, 0x33, 0x20, 0x70, 0x61, 0x72, 0x61,
    0x6d, 0x5f, 0x32, 0x20, 0x3d, 0x20, 0x73, 0x2e, 0x78, 0x79, 0x7a, 0x3b, 0x0a, 0x20, 0x20, 0x20,
    0x20, 0x20, 0x20, 0x20, 0x20, 0x66, 0x6c, 0x6f, 0x61, 0x74, 0x33, 0x20, 0x5f, 0x32, 0x38, 0x36,
    0x20, 0x3d, 0x20, 0x73, 0x72, 0x67, 0x62, 0x5f, 0x74, 0x6f, 0x5f, 0x6c, 0x69, 0x6e, 0x65, 0x61,
    0x72, 0x28, 0x70, 0x61, 0x72, 0x61, 0x6d, 0x5f, 0x32, 0x29, 0x3b, 0x0a, 0x20, 0x20, 0x20, 0x20,
    0x20, 0x20, 0x20, 0x20, 0x66, 0x6c, 0x6f, 0x61, 0x74, 0x34, 0x20, 0x5f, 0x36, 0x37, 0x31, 0x20,
    0x3d, 0x20, 0x73, 0x3b, 0x0a, 0x20, 0x20, 0x20, 0x20, 0x20, 0x20, 0x20, 0x20, 0x5f, 0x36, 0x37,
    0x31, 0x2e, 0x78, 0x20, 0x3d, 0x20, 0x5f, 0x32, 0x38, 0x36, 0x2e, 0x78, 0x3b, 0x0a, 0x20, 0x20,
    0x20, 0x20, 0x20, 0x20, 0x20, 0x20, 0x5f, 0x36, 0x37, 0x31, 0x2e, 0x79, 0x20, 0x3d, 0x20, 0x5f,
    0x32, 0x38, 0x36, 0x2e, 0x79, 0x3b, 0x0a, 0x20, 0x20, 0x20, 0x20, 0x20, 0x20, 0x20, 0x20, 0x5f,
    0x36, 0x37, 0x31, 0x2e, 0x7a, 0x20, 0x3d, 0x20, 0x5f, 0x32, 0x38, 0x36, 0x2e, 0x7a, 0x3b, 0x0a,
    0x20, 0x20, 0x20, 0x20, 0x20, 0x20, 0x20, 0x20, 0x73, 0x20, 0x3d, 0x20, 0x5f, 0x36, 0x37, 0x31,
    0x3b, 0x0a, 0x20, 0x20, 0x20, 0x20, 0x7d, 0x0a, 0x20, 0x20, 0x20, 0x20, 0x72, 0x65, 0x74, 0x75,
    0x72, 0x6e, 0x20, 0x73, 0x3b, 0x0a, 0x7d, 0x0a, 0x0a, 0x73, 0x74, 0x61, 0x74, 0x69, 0x63, 0x20,
    0x69, 0x6e, 0x6c, 0x69, 0x6e, 0x65, 0x20, 0x5f, 0x5f, 0x61, 0x74, 0x74, 0x72, 0x69, 0x62, 0x75,
    0x74, 0x65, 0x5f, 0x5f, 0x28, 0x28, 0x61, 0x6c, 0x77, 0x61, 0x79, 0x73, 0x5f, 0x69, 0x6e, 0x6c,
    0x69, 0x6e, 0x65, 0x29, 0x29, 0x0a, 0x66, 0x6c, 0x6f, 0x61, 0x74, 0x32, 0x20, 0x67, 0x72, 0x61,
    0x64, 0x5f, 0x78, 0x28, 0x74, 0x68, 0x72, 0x65, 0x61, 0x64, 0x20, 0x63, 0x6f, 0x6e, 0x73, 0x74,
    0x20, 0x66, 0x6c, 0x6f, 0x61, 0x74, 0x32, 0x26, 0x20, 0x73, 0x69, 0x7a, 0x65, 0x2c, 0x20, 0x63,
    0x6f, 0x6e, 0x73, 0x74, 0x61, 0x6e, 0x74, 0x20, 0x70, 0x61, 0x72, 0x61, 0x6d, 0x73, 0x26, 0x20,
    0x5f, 0x31, 0x31, 0x32, 0x29, 0x0a, 0x7b, 0x0a, 0x20, 0x20, 0x20, 0x20, 0x72, 0x65, 0x74, 0x75,
    0x72, 0x6e, 0x20, 0x66, 0x6c, 0x6f, 0x61, 0x74, 0x32, 0x28, 0x5f, 0x31, 0x31, 0x32, 0x2e, 0x69,
    0x6e, 0x76, 0x5f, 0x7a, 0x6f, 0x6f, 0x6d, 0x20, 0x2f, 0x20, 0x73, 0x69, 0x7a, 0x65, 0x2e, 0x78,
    0x2c, 0x20, 0x30, 0x2e, 0x30, 0x29, 0x3b, 0x0a, 0x7d, 0x0a, 0x0a, 0x73, 0x74, 0x61, 0x74, 0x69,
    0x63, 0x20, 0x69, 0x6e, 0x6c, 0x69, 0x6e, 0x65, 0x20, 0x5f, 0x5f, 0x61, 0x74, 0x74, 0x72, 0x69,
    0x62, 0x75, 0x74, 0x65, 0x5f, 0x5f, 0x28, 0x28, 0x61, 0x6c, 0x77, 0x61, 0x79, 0x73, 0x5f, 0x69,
    0x6e, 0x6c, 0x69, 0x6e, 0x65, 0x29, 0x29, 0x0a, 0x66, 0x6c, 0x6f, 0x61, 0x74, 0x32, 0x20, 0x67,
    0x72, 0x61, 0x64, 0x5f, 0x79, 0x28, 0x74, 0x68, 0x72, 0x65, 0x61, 0x64, 0x20, 0x63, 0x6f, 0x6e,
    0x73, 0x74, 0x20, 0x66, 0x6c, 0x6f, 0x61, 0x74, 0x32, 0x26, 0x20, 0x73, 0x69, 0x7a, 0x65, 0x2c,
    0x20, 0x63, 0x6f, 0x6e, 0x73, 0x74, 0x61, 0x6e, 0x74, 0x20, 0x70, 0x61, 0x72, 0x61, 0x6d, 0x73,
    0x26, 0x20, 0x5f, 0x31, 0x31, 0x32, 0x29, 0x0a, 0x7b, 0x0a, 0x20, 0x20, 0x20, 0x20, 0x72, 0x65,
    0x74, 0x75, 0x72, 0x6e, 0x20, 0x66, 0x6c, 0x6f, 0x61, 0x74, 0x32, 0x28, 0x30, 0x2e, 0x30, 0x2c,
    0x20, 0x5f, 0x31, 0x31, 0x32, 0x2e, 0x69, 0x6e, 0x76, 0x5f, 0x7a, 0x6f, 0x6f, 0x6d, 0x20, 0x2f,
    0x20, 0x73, 0x69, 0x7a, 0x65, 0x2e, 0x79, 0x29, 0x3b, 0x0a, 0x7d, 0x0a, 0x0a, 0x73, 0x74, 0x61,
    0x74, 0x69, 0x63, 0x20, 0x69, 0x6e, 0x6c, 0x69, 0x6e, 0x65, 0x20, 0x5f, 0x5f, 0x61, 0x74, 0x74,
    0x72, 0x69, 0x62, 0x75, 0x74, 0x65, 0x5f, 0x5f, 0x28, 0x28, 0x61, 0x6c, 0x77, 0x61, 0x79, 0x73,
    0x5f, 0x69, 0x6e, 0x6c, 0x69, 0x6e, 0x65, 0x29, 0x29, 0x0a, 0x66, 0x6c, 0x6f, 0x61, 0x74, 0x33,
    0x20, 0x61, 0x63, 0x65, 0x73, 0x28, 0x74, 0x68, 0x72, 0x65, 0x61, 0x64, 0x20, 0x63, 0x6f, 0x6e,
    0x73, 0x74, 0x20, 0x66, 0x6c, 0x6f, 0x61, 0x74, 0x33, 0x26, 0x20, 0x78, 0x29, 0x0a, 0x7b, 0x0a,
    0x20, 0x20, 0x20, 0x20, 0x72, 0x65, 0x74, 0x75, 0x72, 0x6e, 0x20, 0x66, 0x61, 0x73, 0x74, 0x3a,
    0x3a, 0x63, 0x6c, 0x61, 0x6d, 0x70, 0x28, 0x28, 0x78, 0x20, 0x2a, 0x20, 0x28, 0x28, 0x78, 0x20,
    0x2a, 0x20, 0x32, 0x2e, 0x35, 0x30, 0x39, 0x39, 0x39, 0x39, 0x39, 0x39, 0x30, 0x34, 0x36, 0x33,
    0x32, 0x35, 0x36, 0x38, 0x33, 0x35, 0x39, 0x33, 0x37, 0x35, 0x29, 0x20, 0x2b, 0x20, 0x66, 0x6c,
    0x6f, 0x61, 0x74, 0x33, 0x28, 0x30, 0x2e, 0x30, 0x32, 0x39, 0x39, 0x39, 0x39, 0x39, 0x39, 0x39,
    0x33, 0x32, 0x39, 0x34, 0x34, 0x37, 0x37, 0x34, 0x36, 0x32, 0x37, 0x36, 0x38, 0x35, 0x35, 0x34,
    0x36, 0x38, 0x37, 0x35, 0x29, 0x29, 0x29, 0x20, 0x2f, 0x20, 0x28, 0x28, 0x78, 0x20, 0x2a, 0x20,
    0x28, 0x28, 0x78, 0x20, 0x2a, 0x20, 0x32, 0x2e, 0x34, 0x33, 0x30, 0x30, 0x30, 0x30, 0x30, 0x36,
    0x36, 0x37, 0x35, 0x37, 0x32, 0x30, 0x32, 0x31, 0x34, 0x38, 0x34, 0x33, 0x37, 0x35, 0x29, 0x20,
    0x2b, 0x20, 0x66, 0x6c, 0x6f, 0x61, 0x74, 0x33, 0x28, 0x30, 0x2e, 0x35, 0x38, 0x39, 0x39, 0x39,
    0x39, 0x39, 0x37, 0x33, 0x37, 0x37, 0x33, 0x39, 0x35, 0x36, 0x32, 0x39, 0x38, 0x38, 0x32, 0x38,
    0x31, 0x32, 0x35, 0x29, 0x29, 0x29, 0x20, 0x2b, 0x20, 0x66, 0x6c, 0x6f, 0x61, 0x74, 0x33, 0x28,
    0x30, 0x2e, 0x31, 0x34, 0x30, 0x30, 0x30, 0x30, 0x30, 0x30, 0x30, 0x35, 0x39, 0x36, 0x30, 0x34,
    0x36, 0x34, 0x34, 0x37, 0x37, 0x35, 0x33, 0x39, 0x30, 0x36, 0x32, 0x35, 0x29, 0x29, 0x2c, 0x20,
    0x66, 0x6c, 0x6f, 0x61, 0x74, 0x33, 0x28, 0x30, 0x2e, 0x30, 0x29, 0x2c, 0x20, 0x66, 0x6c, 0x6f,
    0x61, 0x74, 0x33, 0x28, 0x31, 0x2e, 0x30, 0x29, 0x29, 0x3b, 0x0a, 0x7d, 0x0a, 0x0a, 0x73, 0x74,
    0x61, 0x74, 0x69, 0x63, 0x20, 0x69, 0x6e, 0x6c, 0x69, 0x6e, 0x65, 0x20, 0x5f, 0x5f, 0x61, 0x74,
    0x74, 0x72, 0x69, 0x62, 0x75, 0x74, 0x65, 0x5f, 0x5f, 0x28, 0x28, 0x61, 0x6c, 0x77, 0x61, 0x79,
    0x73, 0x5f, 0x69, 0x6e, 0x6c, 0x69, 0x6e, 0x65, 0x29, 0x29, 0x0a, 0x66, 0x6c, 0x6f, 0x61, 0x74,
    0x33, 0x20, 0x72, 0x65, 0x69, 0x6e, 0x68, 0x61, 0x72, 0x64, 0x28, 0x74, 0x68, 0x72, 0x65, 0x61,
    0x64, 0x20, 0x63, 0x6f, 0x6e, 0x73, 0x74, 0x20, 0x66, 0x6c, 0x6f, 0x61, 0x74, 0x33, 0x26, 0x20,
    0x63, 0x29, 0x0a, 0x7b, 0x0a, 0x20, 0x20, 0x20, 0x20, 0x72, 0x65, 0x74, 0x75, 0x72, 0x6e, 0x20,
    0x63, 0x20, 0x2f, 0x20, 0x28, 0x66, 0x6c, 0x6f, 0x61, 0x74, 0x33, 0x28, 0x31, 0x2e, 0x30, 0x29,
    0x20, 0x2b, 0x20, 0x63, 0x29, 0x3b, 0x0a, 0x7d, 0x0a, 0x0a, 0x73, 0x74, 0x61, 0x74, 0x69, 0x63,
    0x20, 0x69, 0x6e, 0x6c, 0x69, 0x6e, 0x65, 0x20, 0x5f, 0x5f, 0x61, 0x74, 0x74, 0x72, 0x69, 0x62,
    0x75, 0x74, 0x65, 0x5f, 0x5f, 0x28, 0x28, 0x61, 0x6c, 0x77, 0x61, 0x79, 0x73, 0x5f, 0x69, 0x6e,
    0x6c, 0x69, 0x6e, 0x65, 0x29, 0x29, 0x0a, 0x66, 0x6c, 0x6f, 0x61, 0x74, 0x34, 0x20, 0x73, 0x68,
    0x61, 0x64, 0x65, 0x28, 0x74, 0x68, 0x72, 0x65, 0x61, 0x64, 0x20, 0x63, 0x6f, 0x6e, 0x73, 0x74,
    0x20, 0x66, 0x6c, 0x6f, 0x61, 0x74, 0x34, 0x26, 0x20, 0x70, 0x6f, 0x73, 0x2c, 0x20, 0x63, 0x6f,
    0x6e, 0x73, 0x74, 0x61, 0x6e, 0x74, 0x20, 0x70, 0x61, 0x72, 0x61, 0x6d, 0x73, 0x26, 0x20, 0x5f,
    0x31, 0x31, 0x32, 0x2c, 0x20, 0x74, 0x65, 0x78, 0x74, 0x75, 0x72, 0x65, 0x32, 0x64, 0x3c, 0x66,
    0x6c, 0x6f, 0x61, 0x74, 0x3e, 0x20, 0x74, 0x65, 0x78, 0x2c, 0x20, 0x73, 0x61, 0x6d, 0x70, 0x6c,
    0x65, 0x72, 0x20, 0x73, 0x61, 0x6d, 0x70, 0x5f, 0x70, 0x6f, 0x69, 0x6e, 0x74, 0x2c, 0x20, 0x73,
    0x61, 0x6d, 0x70, 0x6c, 0x65, 0x72, 0x20, 0x73, 0x61, 0x6d, 0x70, 0x5f, 0x61, 0x6e, 0x69, 0x73,
    0x6f, 0x29, 0x0a, 0x7b, 0x0a, 0x20, 0x20, 0x20, 0x20, 0x69, 0x66, 0x20, 0x28, 0x5f, 0x31, 0x31,
    0x32, 0x2e, 0x68, 0x61, 0x73, 0x5f, 0x69, 0x6d, 0x61, 0x67, 0x65, 0x20, 0x3d, 0x3d, 0x20, 0x30,
    0x29, 0x0a, 0x20, 0x20, 0x20, 0x20, 0x7b, 0x0a, 0x20, 0x20, 0x20, 0x20, 0x20, 0x20, 0x20, 0x20,
    0x72, 0x65, 0x74, 0x75, 0x72, 0x6e, 0x20, 0x5f, 0x31, 0x31, 0x32, 0x2e, 0x63, 0x6c, 0x65, 0x61,
    0x72, 0x5f, 0x6c, 0x69, 0x6e, 0x3b, 0x0a, 0x20, 0x20, 0x20, 0x20, 0x7d, 0x0a, 0x20, 0x20, 0x20,
    0x20, 0x66, 0x6c, 0x6f, 0x61, 0x74, 0x32, 0x20, 0x5f, 0x33, 0x31, 0x34, 0x20, 0x3d, 0x20, 0x70,
    0x6f, 0x73, 0x2e, 0x78, 0x79, 0x20, 0x2d, 0x20, 0x5f, 0x31, 0x31, 0x32, 0x2e, 0x73, 0x75, 0x72,
    0x66, 0x5f, 0x6f, 0x72, 0x69, 0x67, 0x69, 0x6e, 0x3b, 0x0a, 0x20, 0x20, 0x20, 0x20, 0x66, 0x6c,
    0x6f, 0x61, 0x74, 0x32, 0x20, 0x5f, 0x33, 0x33, 0x32, 0x20, 0x3d, 0x20, 0x28, 0x5f, 0x31, 0x31,
    0x32, 0x2e, 0x69, 0x6d, 0x67, 0x5f, 0x73, 0x69, 0x7a, 0x65, 0x20, 0x2a, 0x20, 0x30, 0x2e, 0x35,
    0x29, 0x20, 0x2b, 0x20, 0x28, 0x28, 0x5f, 0x33, 0x31, 0x34, 0x20, 0x2d, 0x20, 0x28, 0x28, 0x5f,
    0x31, 0x31, 0x32, 0x2e, 0x73, 0x75, 0x72, 0x66, 0x5f, 0x73, 0x69, 0x7a, 0x65, 0x20, 0x2a, 0x20,
    0x30, 0x2e, 0x35, 0x29, 0x20, 0x2b, 0x20, 0x5f, 0x31, 0x31, 0x32, 0x2e, 0x70, 0x61, 0x6e, 0x29,
    0x29, 0x20, 0x2a, 0x20, 0x5f, 0x31, 0x31, 0x32, 0x2e, 0x69, 0x6e, 0x76, 0x5f, 0x7a, 0x6f, 0x6f,
    0x6d, 0x29, 0x3b, 0x0a, 0x20, 0x20, 0x20, 0x20, 0x66, 0x6c, 0x6f, 0x61, 0x74, 0x20, 0x5f, 0x33,
    0x33, 0x35, 0x20, 0x3d, 0x20, 0x5f, 0x33, 0x33, 0x32, 0x2e, 0x78, 0x3b, 0x0a, 0x20, 0x20, 0x20,
    0x20, 0x66, 0x6c, 0x6f, 0x61, 0x74, 0x20, 0x5f, 0x33, 0x34, 0x34, 0x20, 0x3d, 0x20, 0x5f, 0x33,
    0x33, 0x32, 0x2e, 0x79, 0x3b, 0x0a, 0x20, 0x20, 0x20, 0x20, 0x66, 0x6c, 0x6f, 0x61, 0x74, 0x20,
    0x5f, 0x33, 0x35, 0x37, 0x20, 0x3d, 0x20, 0x66, 0x61, 0x73, 0x74, 0x3a, 0x3a, 0x6d, 0x61, 0x78,
    0x28, 0x66, 0x61, 0x73, 0x74, 0x3a, 0x3a, 0x6d, 0x61, 0x78, 0x28, 0x2d, 0x5f, 0x33, 0x33, 0x35,
    0x2c, 0x20, 0x5f, 0x33, 0x33, 0x35, 0x20, 0x2d, 0x20, 0x5f, 0x31, 0x31, 0x32, 0x2e, 0x69, 0x6d,
    0x67, 0x5f, 0x73, 0x69, 0x7a, 0x65, 0x2e, 0x78, 0x29, 0x2c, 0x20, 0x66, 0x61, 0x73, 0x74, 0x3a,
    0x3a, 0x6d, 0x61, 0x78, 0x28, 0x2d, 0x5f, 0x33, 0x34, 0x34, 0x2c, 0x20, 0x5f, 0x33, 0x34, 0x34,
    0x20, 0x2d, 0x20, 0x5f, 0x31, 0x31, 0x32, 0x2e, 0x69, 0x6d, 0x67, 0x5f, 0x73, 0x69, 0x7a, 0x65,
    0x2e, 0x79, 0x29, 0x29, 0x20, 0x2f, 0x20, 0x5f, 0x31, 0x31, 0x32, 0x2e, 0x69, 0x6e, 0x76, 0x5f,
    0x7a, 0x6f, 0x6f, 0x6d, 0x3b, 0x0a, 0x20, 0x20, 0x20, 0x20, 0x69, 0x66, 0x20, 0x28, 0x28, 0x28,
    0x5f, 0x31, 0x31, 0x32, 0x2e, 0x6f, 0x75, 0x74, 0x6c, 0x69, 0x6e, 0x65, 0x20, 0x21, 0x3d, 0x20,
    0x30, 0x29, 0x20, 0x26, 0x26, 0x20, 0x28, 0x5f, 0x33, 0x35, 0x37, 0x20, 0x3e, 0x20, 0x28, 0x2d,
    0x30, 0x2e, 0x30, 0x30, 0x33, 0x39, 0x30, 0x36, 0x32, 0x35, 0x29, 0x29, 0x29, 0x20, 0x26, 0x26,
    0x20, 0x28, 0x5f, 0x33, 0x35, 0x37, 0x20, 0x3c, 0x20, 0x30, 0x2e, 0x39, 0x39, 0x36, 0x30, 0x39,
    0x33, 0x37, 0x35, 0x29, 0x29, 0x0a, 0x20, 0x20, 0x20, 0x20, 0x7b, 0x0a, 0x20, 0x20, 0x20, 0x20,
    0x20, 0x20, 0x20, 0x20, 0x66, 0x6c, 0x6f, 0x61, 0x74, 0x20, 0x5f, 0x33, 0x37, 0x36, 0x20, 0x3d,
    0x20, 0x66, 0x6c, 0x6f, 0x61, 0x74, 0x28, 0x5f, 0x31, 0x31, 0x32, 0x2e, 0x62, 0x61, 0x63, 0x6b,
    0x67, 0x72, 0x6f, 0x75, 0x6e, 0x64, 0x20, 0x3d, 0x3d, 0x20, 0x30, 0x29, 0x3b, 0x0a, 0x20, 0x20,
    0x20, 0x20, 0x20, 0x20, 0x20, 0x20, 0x72, 0x65, 0x74, 0x75, 0x72, 0x6e, 0x20, 0x66, 0x6c, 0x6f,
    0x61, 0x74, 0x34, 0x28, 0x5f, 0x33, 0x37, 0x36, 0x2c, 0x20, 0x5f, 0x33, 0x37, 0x36, 0x2c, 0x20,
    0x5f, 0x33, 0x37, 0x36, 0x2c, 0x20, 0x31, 0x2e, 0x30, 0x29, 0x3b, 0x0a, 0x20, 0x20, 0x20, 0x20,
    0x7d, 0x0a, 0x20, 0x20, 0x20, 0x20, 0x62, 0x6f, 0x6f, 0x6c, 0x20, 0x5f, 0x33, 0x38, 0x32, 0x20,
    0x3d, 0x20, 0x5f, 0x33, 0x33, 0x35, 0x20, 0x3c, 0x20, 0x30, 0x2e, 0x30, 0x3b, 0x0a, 0x20, 0x20,
    0x20, 0x20, 0x62, 0x6f, 0x6f, 0x6c, 0x20, 0x5f, 0x33, 0x38, 0x39, 0x3b, 0x0a, 0x20, 0x20, 0x20,
    0x20, 0x69, 0x66, 0x20, 0x28, 0x21, 0x5f, 0x33, 0x38, 0x32, 0x29, 0x0a, 0x20, 0x20, 0x20, 0x20,
    0x7b, 0x0a, 0x20, 0x20, 0x20, 0x20, 0x20, 0x20, 0x20, 0x20, 0x5f, 0x33, 0x38, 0x39, 0x20, 0x3d,
    0x20, 0x5f, 0x33, 0x34, 0x34, 0x20, 0x3c, 0x20, 0x30, 0x2e, 0x30, 0x3b, 0x0a, 0x20, 0x20, 0x20,
    0x20, 0x7d, 0x0a, 0x20, 0x20, 0x20, 0x20, 0x65, 0x6c, 0x73, 0x65, 0x0a, 0x20, 0x20, 0x20, 0x20,
    0x7b, 0x0a, 0x20, 0x20, 0x20, 0x20, 0x20, 0x20, 0x20, 0x20, 0x5f, 0x33, 0x38, 0x39, 0x20, 0x3d,
    0x20, 0x5f, 0x33, 0x38, 0x32, 0x3b, 0x0a, 0x20, 0x20, 0x20, 0x20, 0x7d, 0x0a, 0x20, 0x20, 0x20,
    0x20, 0x62, 0x6f, 0x6f, 0x6c, 0x20, 0x5f, 0x33, 0x39, 0x38, 0x3b, 0x0a, 0x20, 0x20, 0x20, 0x20,
    0x69, 0x66, 0x20, 0x28, 0x21, 0x5f, 0x33, 0x38, 0x39, 0x29, 0x0a, 0x20, 0x20, 0x20, 0x20, 0x7b,
    0x0a, 0x20, 0x20, 0x20, 0x20, 0x20, 0x20, 0x20, 0x20, 0x5f, 0x33, 0x39, 0x38, 0x20, 0x3d, 0x20,
    0x5f, 0x33, 0x33, 0x35, 0x20, 0x3e, 0x3d, 0x20, 0x5f, 0x31, 0x31, 0x32, 0x2e, 0x69, 0x6d, 0x67,
    0x5f, 0x73, 0x69, 0x7a, 0x65, 0x2e, 0x78, 0x3b, 0x0a, 0x20, 0x20, 0x20, 0x20, 0x7d, 0x0a, 0x20,
    0x20, 0x20, 0x20, 0x65, 0x6c, 0x73, 0x65, 0x0a, 0x20, 0x20, 0x20, 0x20, 0x7b, 0x0a, 0x20, 0x20,
    0x20, 0x20, 0x20, 0x20, 0x20, 0x20, 0x5f, 0x33, 0x39, 0x38, 0x20, 0x3d, 0x20, 0x5f, 0x33, 0x38,
    0x39, 0x3b, 0x0a, 0x20, 0x20, 0x20, 0x20, 0x7d, 0x0a, 0x20, 0x20, 0x20, 0x20, 0x62, 0x6f, 0x6f,
    0x6c, 0x20, 0x5f, 0x34, 0x30, 0x37, 0x3b, 0x0a, 0x20, 0x20, 0x20, 0x20, 0x69, 0x66, 0x20, 0x28,
    0x21, 0x5f, 0x33, 0x39, 0x38, 0x29, 0x0a, 0x20, 0x20, 0x20, 0x20, 0x7b, 0x0a, 0x20, 0x20, 0x20,
    0x20, 0x20, 0x20, 0x20, 0x20, 0x5f, 0x34, 0x30, 0x37, 0x20, 0x3d, 0x20, 0x5f, 0x33, 0x34, 0x34,
    0x20, 0x3e, 0x3d, 0x20, 0x5f, 0x31, 0x31, 0x32, 0x2e, 0x69, 0x6d, 0x67, 0x5f, 0x73, 0x69, 0x7a,
    0x65, 0x2e, 0x79, 0x3b, 0x0a, 0x20, 0x20, 0x20, 0x20, 0x7d, 0x0a, 0x20, 0x20, 0x20, 0x20, 0x65,
    0x6c, 0x73, 0x65, 0x0a, 0x20, 0x20, 0x20, 0x20, 0x7b, 0x0a, 0x20, 0x20, 0x20, 0x20, 0x20, 0x20,
    0x20, 0x20, 0x5f, 0x34, 0x30, 0x37, 0x20, 0x3d, 0x20, 0x5f, 0x33, 0x39, 0x38, 0x3b, 0x0a, 0x20,
    0x20, 0x20, 0x20, 0x7d, 0x0a, 0x20, 0x20, 0x20, 0x20, 0x69, 0x66, 0x20, 0x28, 0x5f, 0x34, 0x30,
    0x37, 0x29, 0x0a, 0x20, 0x20, 0x20, 0x20, 0x7b, 0x0a, 0x20, 0x20, 0x20, 0x20, 0x20, 0x20, 0x20,
    0x20, 0x66, 0x6c, 0x6f, 0x61, 0x74, 0x32, 0x20, 0x70, 0x61, 0x72, 0x61, 0x6d, 0x20, 0x3d, 0x20,
    0x5f, 0x33, 0x31, 0x34, 0x3b, 0x0a, 0x20, 0x20, 0x20, 0x20, 0x20, 0x20, 0x20, 0x20, 0x72, 0x65,
    0x74, 0x75, 0x72, 0x6e, 0x20, 0x66, 0x6c, 0x6f, 0x61, 0x74, 0x34, 0x28, 0x62, 0x61, 0x63, 0x6b,
    0x64, 0x72, 0x6f, 0x70, 0x28, 0x70, 0x61, 0x72, 0x61, 0x6d, 0x2c, 0x20, 0x5f, 0x31, 0x31, 0x32,
    0x29, 0x2c, 0x20, 0x31, 0x2e, 0x30, 0x29, 0x3b, 0x0a, 0x20, 0x20, 0x20, 0x20, 0x7d, 0x0a, 0x20,
    0x20, 0x20, 0x20, 0x66, 0x6c, 0x6f, 0x61, 0x74, 0x33, 0x20, 0x72, 0x67, 0x62, 0x3b, 0x0a, 0x20,
    0x20, 0x20, 0x20, 0x66, 0x6c, 0x6f, 0x61, 0x74, 0x20, 0x61, 0x3b, 0x0a, 0x20, 0x20, 0x20, 0x20,
    0x69, 0x66, 0x20, 0x28, 0x5f, 0x31, 0x31, 0x32, 0x2e, 0x66, 0x62, 0x5f, 0x6f, 0x6e, 0x20, 0x21,
    0x3d, 0x20, 0x30, 0x29, 0x0a, 0x20, 0x20, 0x20, 0x20, 0x7b, 0x0a, 0x20, 0x20, 0x20, 0x20, 0x20,
    0x20, 0x20, 0x20, 0x66, 0x6c, 0x6f, 0x61, 0x74, 0x32, 0x20, 0x70, 0x61, 0x72, 0x61, 0x6d, 0x5f,
    0x31, 0x20, 0x3d, 0x20, 0x5f, 0x33, 0x33, 0x32, 0x3b, 0x0a, 0x20, 0x20, 0x20, 0x20, 0x20, 0x20,
    0x20, 0x20, 0x66, 0x6c, 0x6f, 0x61, 0x74, 0x32, 0x20, 0x70, 0x61, 0x72, 0x61, 0x6d, 0x5f, 0x32,
    0x20, 0x3d, 0x20, 0x5f, 0x31, 0x31, 0x32, 0x2e, 0x63, 0x65, 0x6c, 0x6c, 0x5f, 0x61, 0x3b, 0x0a,
    0x20, 0x20, 0x20, 0x20, 0x20, 0x20, 0x20, 0x20, 0x66, 0x6c, 0x6f, 0x61, 0x74, 0x34, 0x20, 0x73,
    0x20, 0x3d, 0x20, 0x73, 0x61, 0x6d, 0x70, 0x6c, 0x65, 0x5f, 0x63, 0x65, 0x6c, 0x6c, 0x28, 0x70,
    0x61, 0x72, 0x61, 0x6d, 0x5f, 0x31, 0x2c, 0x20, 0x70, 0x61, 0x72, 0x61, 0x6d, 0x5f, 0x32, 0x2c,
    0x20, 0x5f, 0x31, 0x31, 0x32, 0x2c, 0x20, 0x74, 0x65, 0x78, 0x2c, 0x20, 0x73, 0x61, 0x6d, 0x70,
    0x5f, 0x70, 0x6f, 0x69, 0x6e, 0x74, 0x2c, 0x20, 0x73, 0x61, 0x6d, 0x70, 0x5f, 0x61, 0x6e, 0x69,
    0x73, 0x6f, 0x29, 0x3b, 0x0a, 0x20, 0x20, 0x20, 0x20, 0x20, 0x20, 0x20, 0x20, 0x69, 0x66, 0x20,
    0x28, 0x5f, 0x31, 0x31, 0x32, 0x2e, 0x66, 0x62, 0x5f, 0x62, 0x6c, 0x65, 0x6e, 0x64, 0x20, 0x3e,
    0x20, 0x30, 0x2e, 0x30, 0x29, 0x0a, 0x20, 0x20, 0x20, 0x20, 0x20, 0x20, 0x20, 0x20, 0x7b, 0x0a,
    0x20, 0x20, 0x20, 0x20, 0x20, 0x20, 0x20, 0x20, 0x20, 0x20, 0x20, 0x20, 0x66, 0x6c, 0x6f, 0x61,
    0x74, 0x32, 0x20, 0x70, 0x61, 0x72, 0x61, 0x6d, 0x5f, 0x33, 0x20, 0x3d, 0x20, 0x5f, 0x33, 0x33,
    0x32, 0x3b, 0x0a, 0x20, 0x20, 0x20, 0x20, 0x20, 0x20, 0x20, 0x20, 0x20, 0x20, 0x20, 0x20, 0x66,
    0x6c, 0x6f, 0x61, 0x74, 0x32, 0x20, 0x70, 0x61, 0x72, 0x61, 0x6d, 0x5f, 0x34, 0x20, 0x3d, 0x20,
    0x5f, 0x31, 0x31, 0x32, 0x2e, 0x63, 0x65, 0x6c, 0x6c, 0x5f, 0x62, 0x3b, 0x0a, 0x20, 0x20, 0x20,
    0x20, 0x20, 0x20, 0x20, 0x20, 0x20, 0x20, 0x20, 0x20, 0x73, 0x20, 0x3d, 0x20, 0x6d, 0x69, 0x78,
    0x28, 0x73, 0x2c, 0x20, 0x73, 0x61, 0x6d, 0x70, 0x6c, 0x65, 0x5f, 0x63, 0x65, 0x6c, 0x6c, 0x28,
    0x70, 0x61, 0x72, 0x61, 0x6d, 0x5f, 0x33, 0x2c, 0x20, 0x70, 0x61, 0x72, 0x61, 0x6d, 0x5f, 0x34,
    0x2c, 0x20, 0x5f, 0x31, 0x31, 0x32, 0x2c, 0x20, 0x74, 0x65, 0x78, 0x2c, 0x20, 0x73, 0x61, 0x6d,
    0x70, 0x5f, 0x70, 0x6f, 0x69, 0x6e, 0x74, 0x2c, 0x20, 0x73, 0x61, 0x6d, 0x70, 0x5f, 0x61, 0x6e,
    0x69, 0x73, 0x6f, 0x29, 0x2c, 0x20, 0x66, 0x6c, 0x6f, 0x61, 0x74, 0x34, 0x28, 0x5f, 0x31, 0x31,
    0x32, 0x2e, 0x66, 0x62, 0x5f, 0x62, 0x6c, 0x65, 0x6e, 0x64, 0x29, 0x29, 0x3b, 0x0a, 0x20, 0x20,
    0x20, 0x20, 0x20, 0x20, 0x20, 0x20, 0x7d, 0x0a, 0x20, 0x20, 0x20, 0x20, 0x20, 0x20, 0x20, 0x20,
    0x72, 0x67, 0x62, 0x20, 0x3d, 0x20, 0x73, 0x2e, 0x78, 0x79, 0x7a, 0x3b, 0x0a, 0x20, 0x20, 0x20,
    0x20, 0x20, 0x20, 0x20, 0x20, 0x61, 0x20, 0x3d, 0x20, 0x73, 0x2e, 0x77, 0x3b, 0x0a, 0x20, 0x20,
    0x20, 0x20, 0x7d, 0x0a, 0x20, 0x20, 0x20, 0x20, 0x65, 0x6c, 0x73, 0x65, 0x0a, 0x20, 0x20, 0x20,
    0x20, 0x7b, 0x0a, 0x20, 0x20, 0x20, 0x20, 0x20, 0x20, 0x20, 0x20, 0x66, 0x6c, 0x6f, 0x61, 0x74,
    0x34, 0x20, 0x5f, 0x34, 0x36, 0x32, 0x3b, 0x0a, 0x20, 0x20, 0x20, 0x20, 0x20, 0x20, 0x20, 0x20,
    0x69, 0x66, 0x20, 0x28, 0x5f, 0x31, 0x31, 0x32, 0x2e, 0x69, 0x6e, 0x76, 0x5f, 0x7a, 0x6f, 0x6f,
    0x6d, 0x20, 0x3c, 0x3d, 0x20, 0x31, 0x2e, 0x30, 0x29, 0x0a, 0x20, 0x20, 0x20, 0x20, 0x20, 0x20,
    0x20, 0x20, 0x7b, 0x0a, 0x20, 0x20, 0x20, 0x20, 0x20, 0x20, 0x20, 0x20, 0x20, 0x20, 0x20, 0x20,
    0x66, 0x6c, 0x6f, 0x61, 0x74, 0x32, 0x20, 0x70, 0x61, 0x72, 0x61, 0x6d, 0x5f, 0x35, 0x20, 0x3d,
    0x20, 0x5f, 0x33, 0x33, 0x32, 0x3b, 0x0a, 0x20, 0x20, 0x20, 0x20, 0x20, 0x20, 0x20, 0x20, 0x20,
    0x20, 0x20, 0x20, 0x66, 0x6c, 0x6f, 0x61, 0x74, 0x32, 0x20, 0x70, 0x61, 0x72, 0x61, 0x6d, 0x5f,
    0x36, 0x20, 0x3d, 0x20, 0x5f, 0x31, 0x31, 0x32, 0x2e, 0x69, 0x6d, 0x67, 0x5f, 0x73, 0x69, 0x7a,
    0x65, 0x3b, 0x0a, 0x20, 0x20, 0x20, 0x20, 0x20, 0x20, 0x20, 0x20, 0x20, 0x20, 0x20, 0x20, 0x5f,
    0x34, 0x36, 0x32, 0x20, 0x3d, 0x20, 0x74, 0x65, 0x78, 0x2e, 0x73, 0x61, 0x6d, 0x70, 0x6c, 0x65,
    0x28, 0x73, 0x61, 0x6d, 0x70, 0x5f, 0x70, 0x6f, 0x69, 0x6e, 0x74, 0x2c, 0x20, 0x74, 0x65, 0x78,
    0x65, 0x6c, 0x5f, 0x63, 0x65, 0x6e, 0x74, 0x65, 0x72, 0x28, 0x70, 0x61, 0x72, 0x61, 0x6d, 0x5f,
    0x35, 0x2c, 0x20, 0x70, 0x61, 0x72, 0x61, 0x6d, 0x5f, 0x36, 0x29, 0x2c, 0x20, 0x6c, 0x65, 0x76,
    0x65, 0x6c, 0x28, 0x30, 0x2e, 0x30, 0x29, 0x29, 0x3b, 0x0a, 0x20, 0x20, 0x20, 0x20, 0x20, 0x20,
    0x20, 0x20, 0x7d, 0x0a, 0x20, 0x20, 0x20, 0x20, 0x20, 0x20, 0x20, 0x20, 0x65, 0x6c, 0x73, 0x65,
    0x0a, 0x20, 0x20, 0x20, 0x20, 0x20, 0x20, 0x20, 0x20, 0x7b, 0x0a, 0x20, 0x20, 0x20, 0x20, 0x20,
    0x20, 0x20, 0x20, 0x20, 0x20, 0x20, 0x20, 0x66, 0x6c, 0x6f, 0x61, 0x74, 0x32, 0x20, 0x70, 0x61,
    0x72, 0x61, 0x6d, 0x5f, 0x37, 0x20, 0x3d, 0x20, 0x5f, 0x31, 0x31, 0x32, 0x2e, 0x69, 0x6d, 0x67,
    0x5f, 0x73, 0x69, 0x7a, 0x65, 0x3b, 0x0a, 0x20, 0x20, 0x20, 0x20, 0x20, 0x20, 0x20, 0x20, 0x20,
    0x20, 0x20, 0x20, 0x66, 0x6c, 0x6f, 0x61, 0x74, 0x32, 0x20, 0x70, 0x61, 0x72, 0x61, 0x6d, 0x5f,
    0x38, 0x20, 0x3d, 0x20, 0x5f, 0x31, 0x31, 0x32, 0x2e, 0x69, 0x6d, 0x67, 0x5f, 0x73, 0x69, 0x7a,
    0x65, 0x3b, 0x0a, 0x20, 0x20, 0x20, 0x20, 0x20, 0x20, 0x20, 0x20, 0x20, 0x20, 0x20, 0x20, 0x5f,
    0x34, 0x36, 0x32, 0x20, 0x3d, 0x20, 0x74, 0x65, 0x78, 0x2e, 0x73, 0x61, 0x6d, 0x70, 0x6c, 0x65,
    0x28, 0x73, 0x61, 0x6d, 0x70, 0x5f, 0x61, 0x6e, 0x69, 0x73, 0x6f, 0x2c, 0x20, 0x28, 0x5f, 0x33,
    0x33, 0x32, 0x20, 0x2f, 0x20, 0x5f, 0x31, 0x31, 0x32, 0x2e, 0x69, 0x6d, 0x67, 0x5f, 0x73, 0x69,
    0x7a, 0x65, 0x29, 0x2c, 0x20, 0x67, 0x72, 0x61, 0x64, 0x69, 0x65, 0x6e, 0x74, 0x32, 0x64, 0x28,
    0x67, 0x72, 0x61, 0x64, 0x5f, 0x78, 0x28, 0x70, 0x61, 0x72, 0x61, 0x6d, 0x5f, 0x37, 0x2c, 0x20,
    0x5f, 0x31, 0x31, 0x32, 0x29, 0x2c, 0x20, 0x67, 0x72, 0x61, 0x64, 0x5f, 0x79, 0x28, 0x70, 0x61,
    0x72, 0x61, 0x6d, 0x5f, 0x38, 0x2c, 0x20, 0x5f, 0x31, 0x31, 0x32, 0x29, 0x29, 0x29, 0x3b, 0x0a,
    0x20, 0x20, 0x20, 0x20, 0x20, 0x20, 0x20, 0x20, 0x7d, 0x0a, 0x20, 0x20, 0x20, 0x20, 0x20, 0x20,
    0x20, 0x20, 0x72, 0x67, 0x62, 0x20, 0x3d, 0x20, 0x5f, 0x34, 0x36, 0x32, 0x2e, 0x78, 0x79, 0x7a,
    0x3b, 0x0a, 0x20, 0x20, 0x20, 0x20, 0x20, 0x20, 0x20, 0x20, 0x61, 0x20, 0x3d, 0x20, 0x5f, 0x34,
    0x36, 0x32, 0x2e, 0x77, 0x3b, 0x0a, 0x20, 0x20, 0x20, 0x20, 0x20, 0x20, 0x20, 0x20, 0x69, 0x66,
    0x20, 0x28, 0x5f, 0x31, 0x31, 0x32, 0x2e, 0x6c, 0x69, 0x6e, 0x65, 0x61, 0x72, 0x5f, 0x73, 0x61,
    0x6d, 0x70, 0x6c, 0x65, 0x20, 0x3d, 0x3d, 0x20, 0x30, 0x29, 0x0a, 0x20, 0x20, 0x20, 0x20, 0x20,
    0x20, 0x20, 0x20, 0x7b, 0x0a, 0x20, 0x20, 0x20, 0x20, 0x20, 0x20, 0x20, 0x20, 0x20, 0x20, 0x20,
    0x20, 0x66, 0x6c, 0x6f, 0x61, 0x74, 0x33, 0x20, 0x70, 0x61, 0x72, 0x61, 0x6d, 0x5f, 0x39, 0x20,
    0x3d, 0x20, 0x72, 0x67, 0x62, 0x3b, 0x0a, 0x20, 0x20, 0x20, 0x20, 0x20, 0x20, 0x20, 0x20, 0x20,
    0x20, 0x20, 0x20, 0x72, 0x67, 0x62, 0x20, 0x3d, 0x20, 0x73, 0x72, 0x67, 0x62, 0x5f, 0x74, 0x6f,
    0x5f, 0x6c, 0x69, 0x6e, 0x65, 0x61, 0x72, 0x28, 0x70, 0x61, 0x72, 0x61, 0x6d, 0x5f, 0x39, 0x29,
    0x3b, 0x0a, 0x20, 0x20, 0x20, 0x20, 0x20, 0x20, 0x20, 0x20, 0x7d, 0x0a, 0x20, 0x20, 0x20, 0x20,
    0x7d, 0x0a, 0x20, 0x20, 0x20, 0x20, 0x69, 0x66, 0x20, 0x28, 0x5f, 0x31, 0x31, 0x32, 0x2e, 0x69,
    0x73, 0x5f, 0x68, 0x64, 0x72, 0x20, 0x21, 0x3d, 0x20, 0x30, 0x29, 0x0a, 0x20, 0x20, 0x20, 0x20,
    0x7b, 0x0a, 0x20, 0x20, 0x20, 0x20, 0x20, 0x20, 0x20, 0x20, 0x72, 0x67, 0x62, 0x20, 0x2a, 0x3d,
    0x20, 0x5f, 0x31, 0x31, 0x32, 0x2e, 0x65, 0x78, 0x70, 0x6f, 0x73, 0x75, 0x72, 0x65, 0x3b, 0x0a,
    0x20, 0x20, 0x20, 0x20, 0x20, 0x20, 0x20, 0x20, 0x66, 0x6c, 0x6f, 0x61, 0x74, 0x33, 0x20, 0x5f,
    0x35, 0x32, 0x30, 0x3b, 0x0a, 0x20, 0x20, 0x20, 0x20, 0x20, 0x20, 0x20, 0x20, 0x69, 0x66, 0x20,
    0x28, 0x5f, 0x31, 0x31, 0x32, 0x2e, 0x74, 0x6f, 0x6e, 0x65, 0x6d, 0x61, 0x70, 0x20, 0x3d, 0x3d,
    0x20, 0x31, 0x29, 0x0a, 0x20, 0x20, 0x20, 0x20, 0x20, 0x20, 0x20, 0x20, 0x7b, 0x0a, 0x20, 0x20,
    0x20, 0x20, 0x20, 0x20, 0x20, 0x20, 0x20, 0x20, 0x20, 0x20, 0x66, 0x6c, 0x6f, 0x61, 0x74, 0x33,
    0x20, 0x70, 0x61, 0x72, 0x61, 0x6d, 0x5f, 0x31, 0x30, 0x20, 0x3d, 0x20, 0x72, 0x67, 0x62, 0x3b,
    0x0a, 0x20, 0x20, 0x20, 0x20, 0x20, 0x20, 0x20, 0x20, 0x20, 0x20, 0x20, 0x20, 0x5f, 0x35, 0x32,
    0x30, 0x20, 0x3d, 0x20, 0x61, 0x63, 0x65, 0x73, 0x28, 0x70, 0x61, 0x72, 0x61, 0x6d, 0x5f, 0x31,
    0x30, 0x29, 0x3b, 0x0a, 0x20, 0x20, 0x20, 0x20, 0x20, 0x20, 0x20, 0x20, 0x7d, 0x0a, 0x20, 0x20,
    0x20, 0x20, 0x20, 0x20, 0x20, 0x20, 0x65, 0x6c, 0x73, 0x65, 0x0a, 0x20, 0x20, 0x20, 0x20, 0x20,
    0x20, 0x20, 0x20, 0x7b, 0x0a, 0x20, 0x20, 0x20, 0x20, 0x20, 0x20, 0x20, 0x20, 0x20, 0x20, 0x20,
    0x20, 0x66, 0x6c, 0x6f, 0x61, 0x74, 0x33, 0x20, 0x70, 0x61, 0x72, 0x61, 0x6d, 0x5f, 0x31, 0x31,
    0x20, 0x3d, 0x20, 0x72, 0x67, 0x62, 0x3b, 0x0a, 0x20, 0x20, 0x20, 0x20, 0x20, 0x20, 0x20, 0x20,
    0x20, 0x20, 0x20, 0x20, 0x5f, 0x35, 0x32, 0x30, 0x20, 0x3d, 0x20, 0x72, 0x65, 0x69, 0x6e, 0x68,
    0x61, 0x72, 0x64, 0x28, 0x70, 0x61, 0x72, 0x61, 0x6d, 0x5f, 0x31, 0x31, 0x29, 0x3b, 0x0a, 0x20,
    0x20, 0x20, 0x20, 0x20, 0x20, 0x20, 0x20, 0x7d, 0x0a, 0x20, 0x20, 0x20, 0x20, 0x20, 0x20, 0x20,
    0x20, 0x72, 0x67, 0x62, 0x20, 0x3d, 0x20, 0x5f, 0x35, 0x32, 0x30, 0x3b, 0x0a, 0x20, 0x20, 0x20,
    0x20, 0x7d, 0x0a, 0x20, 0x20, 0x20, 0x20, 0x66, 0x6c, 0x6f, 0x61, 0x74, 0x33, 0x20, 0x6f, 0x75,
    0x74, 0x63, 0x3b, 0x0a, 0x20, 0x20, 0x20, 0x20, 0x69, 0x66, 0x20, 0x28, 0x5f, 0x31, 0x31, 0x32,
    0x2e, 0x63, 0x68, 0x61, 0x6e, 0x6e, 0x65, 0x6c, 0x20, 0x3d, 0x3d, 0x20, 0x31, 0x29, 0x0a, 0x20,
    0x20, 0x20, 0x20, 0x7b, 0x0a, 0x20, 0x20, 0x20, 0x20, 0x20, 0x20, 0x20, 0x20, 0x6f, 0x75, 0x74,
    0x63, 0x20, 0x3d, 0x20, 0x72, 0x67, 0x62, 0x2e, 0x78, 0x78, 0x78, 0x3b, 0x0a, 0x20, 0x20, 0x20,
    0x20, 0x7d, 0x0a, 0x20, 0x20, 0x20, 0x20, 0x65, 0x6c, 0x73, 0x65, 0x0a, 0x20, 0x20, 0x20, 0x20,
    0x7b, 0x0a, 0x20, 0x20, 0x20, 0x20, 0x20, 0x20, 0x20, 0x20, 0x69, 0x66, 0x20, 0x28, 0x5f, 0x31,
    0x31, 0x32, 0x2e, 0x63, 0x68, 0x61, 0x6e, 0x6e, 0x65, 0x6c, 0x20, 0x3d, 0x3d, 0x20, 0x32, 0x29,
    0x0a, 0x20, 0x20, 0x20, 0x20, 0x20, 0x20, 0x20, 0x20, 0x7b, 0x0a, 0x20, 0x20, 0x20, 0x20, 0x20,
    0x20, 0x20, 0x20, 0x20, 0x20, 0x20, 0x20, 0x6f, 0x75, 0x74, 0x63, 0x20, 0x3d, 0x20, 0x72, 0x67,
    0x62, 0x2e, 0x79, 0x79, 0x79, 0x3b, 0x0a, 0x20, 0x20, 0x20, 0x20, 0x20, 0x20, 0x20, 0x20, 0x7d,
    0x0a, 0x20, 0x20, 0x20, 0x20, 0x20, 0x20, 0x20, 0x20, 0x65, 0x6c, 0x73, 0x65, 0x0a, 0x20, 0x20,
    0x20, 0x20, 0x20, 0x20, 0x20, 0x20, 0x7b, 0x0a, 0x20, 0x20, 0x20, 0x20, 0x20, 0x20, 0x20, 0x20,
    0x20, 0x20, 0x20, 0x20, 0x69, 0x66, 0x20, 0x28, 0x5f, 0x31, 0x31, 0x32, 0x2e, 0x63, 0x68, 0x61,
    0x6e, 0x6e, 0x65, 0x6c, 0x20, 0x3d, 0x3d, 0x20, 0x33, 0x29, 0x0a, 0x20, 0x20, 0x20, 0x20, 0x20,
    0x20, 0x20, 0x20, 0x20, 0x20, 0x20, 0x20, 0x7b, 0x0a, 0x20, 0x20, 0x20, 0x20, 0x20, 0x20, 0x20,
    0x20, 0x20, 0x20, 0x20, 0x20, 0x20, 0x20, 0x20, 0x20, 0x6f, 0x75, 0x74, 0x63, 0x20, 0x3d, 0x20,
    0x72, 0x67, 0x62, 0x2e, 0x7a, 0x7a, 0x7a, 0x3b, 0x0a, 0x20, 0x20, 0x20, 0x20, 0x20, 0x20, 0x20,
    0x20, 0x20, 0x20, 0x20, 0x20, 0x7d, 0x0a, 0x20, 0x20, 0x20, 0x20, 0x20, 0x20, 0x20, 0x20, 0x20,
    0x20, 0x20, 0x20, 0x65, 0x6c, 0x73, 0x65, 0x0a, 0x20, 0x20, 0x20, 0x20, 0x20, 0x20, 0x20, 0x20,
    0x20, 0x20, 0x20, 0x20, 0x7b, 0x0a, 0x20, 0x20, 0x20, 0x20, 0x20, 0x20, 0x20, 0x20, 0x20, 0x20,
    0x20, 0x20, 0x20, 0x20, 0x20, 0x20, 0x69, 0x66, 0x20, 0x28, 0x5f, 0x31, 0x31, 0x32, 0x2e, 0x63,
    0x68, 0x61, 0x6e, 0x6e, 0x65, 0x6c, 0x20, 0x3d, 0x3d, 0x20, 0x34, 0x29, 0x0a, 0x20, 0x20, 0x20,
    0x20, 0x20, 0x20, 0x20, 0x20, 0x20, 0x20, 0x20, 0x20, 0x20, 0x20, 0x20, 0x20, 0x7b, 0x0a, 0x20,
    0x20, 0x20, 0x20, 0x20, 0x20, 0x20, 0x20, 0x20, 0x20, 0x20, 0x20, 0x20, 0x20, 0x20, 0x20, 0x20,
    0x20, 0x20, 0x20, 0x66, 0x6c, 0x6f, 0x61, 0x74, 0x33, 0x20, 0x70, 0x61, 0x72, 0x61, 0x6d, 0x5f,
    0x31, 0x32, 0x20, 0x3d, 0x20, 0x66, 0x6c, 0x6f, 0x61, 0x74, 0x33, 0x28, 0x61, 0x29, 0x3b, 0x0a,
    0x20, 0x20, 0x20, 0x20, 0x20, 0x20, 0x20, 0x20, 0x20, 0x20, 0x20, 0x20, 0x20, 0x20, 0x20, 0x20,
    0x20, 0x20, 0x20, 0x20, 0x6f, 0x75, 0x74, 0x63, 0x20, 0x3d, 0x20, 0x73, 0x72, 0x67, 0x62, 0x5f,
    0x74, 0x6f, 0x5f, 0x6c, 0x69, 0x6e, 0x65, 0x61, 0x72, 0x28, 0x70, 0x61, 0x72, 0x61, 0x6d, 0x5f,
    0x31, 0x32, 0x29, 0x2e, 0x78, 0x78, 0x78, 0x3b, 0x0a, 0x20, 0x20, 0x20, 0x20, 0x20, 0x20, 0x20,
    0x20, 0x20, 0x20, 0x20, 0x20, 0x20, 0x20, 0x20, 0x20, 0x7d, 0x0a, 0x20, 0x20, 0x20, 0x20, 0x20,
    0x20, 0x20, 0x20, 0x20, 0x20, 0x20, 0x20, 0x20, 0x20, 0x20, 0x20, 0x65, 0x6c, 0x73, 0x65, 0x0a,
    0x20, 0x20, 0x20, 0x20, 0x20, 0x20, 0x20, 0x20, 0x20, 0x20, 0x20, 0x20, 0x20, 0x20, 0x20, 0x20,
    0x7b, 0x0a, 0x20, 0x20, 0x20, 0x20, 0x20, 0x20, 0x20, 0x20, 0x20, 0x20, 0x20, 0x20, 0x20, 0x20,
    0x20, 0x20, 0x20, 0x20, 0x20, 0x20, 0x69, 0x66, 0x20, 0x28, 0x5f, 0x31, 0x31, 0x32, 0x2e, 0x63,
    0x68, 0x61, 0x6e, 0x6e, 0x65, 0x6c, 0x20, 0x3d, 0x3d, 0x20, 0x35, 0x29, 0x0a, 0x20, 0x20, 0x20,
    0x20, 0x20, 0x20, 0x20, 0x20, 0x20, 0x20, 0x20, 0x20, 0x20, 0x20, 0x20, 0x20, 0x20, 0x20, 0x20,
    0x20, 0x7b, 0x0a, 0x20, 0x20, 0x20, 0x20, 0x20, 0x20, 0x20, 0x20, 0x20, 0x20, 0x20, 0x20, 0x20,
    0x20, 0x20, 0x20, 0x20, 0x20, 0x20, 0x20, 0x20, 0x20, 0x20, 0x20, 0x6f, 0x75, 0x74, 0x63, 0x20,
    0x3d, 0x20, 0x72, 0x67, 0x62, 0x3b, 0x0a, 0x20, 0x20, 0x20, 0x20, 0x20, 0x20, 0x20, 0x20, 0x20,
    0x20, 0x20, 0x20, 0x20, 0x20, 0x20, 0x20, 0x20, 0x20, 0x20, 0x20, 0x7d, 0x0a, 0x20, 0x20, 0x20,
    0x20, 0x20, 0x20, 0x20, 0x20, 0x20, 0x20, 0x20, 0x20, 0x20, 0x20, 0x20, 0x20, 0x20, 0x20, 0x20,
    0x20, 0x65, 0x6c, 0x73, 0x65, 0x0a, 0x20, 0x20, 0x20, 0x20, 0x20, 0x20, 0x20, 0x20, 0x20, 0x20,
    0x20, 0x20, 0x20, 0x20, 0x20, 0x20, 0x20, 0x20, 0x20, 0x20, 0x7b, 0x0a, 0x20, 0x20, 0x20, 0x20,
    0x20, 0x20, 0x20, 0x20, 0x20, 0x20, 0x20, 0x20, 0x20, 0x20, 0x20, 0x20, 0x20, 0x20, 0x20, 0x20,
    0x20, 0x20, 0x20, 0x20, 0x6f, 0x75, 0x74, 0x63, 0x20, 0x3d, 0x20, 0x72, 0x67, 0x62, 0x3b, 0x0a,
    0x20, 0x20, 0x20, 0x20, 0x20, 0x20, 0x20, 0x20, 0x20, 0x20, 0x20, 0x20, 0x20, 0x20, 0x20, 0x20,
    0x20, 0x20, 0x20, 0x20, 0x20, 0x20, 0x20, 0x20, 0x69, 0x66, 0x20, 0x28, 0x61, 0x20, 0x3c, 0x20,
    0x30, 0x2e, 0x39, 0x39, 0x39, 0x30, 0x30, 0x30, 0x30, 0x31, 0x32, 0x38, 0x37, 0x34, 0x36, 0x30,
    0x33, 0x32, 0x37, 0x31, 0x34, 0x38, 0x34, 0x33, 0x37, 0x35, 0x29, 0x0a, 0x20, 0x20, 0x20, 0x20,
    0x20, 0x20, 0x20, 0x20, 0x20, 0x20, 0x20, 0x20, 0x20, 0x20, 0x20, 0x20, 0x20, 0x20, 0x20, 0x20,
    0x20, 0x20, 0x20, 0x20, 0x7b, 0x0a, 0x20, 0x20, 0x20, 0x20, 0x20, 0x20, 0x20, 0x20, 0x20, 0x20,
    0x20, 0x20, 0x20, 0x20, 0x20, 0x20, 0x20, 0x20, 0x20, 0x20, 0x20, 0x20, 0x20, 0x20, 0x20, 0x20,
    0x20, 0x20, 0x66, 0x6c, 0x6f, 0x61, 0x74, 0x32, 0x20, 0x70, 0x61, 0x72, 0x61, 0x6d, 0x5f, 0x31,
    0x33, 0x20, 0x3d, 0x20, 0x5f, 0x33, 0x31, 0x34, 0x3b, 0x0a, 0x20, 0x20, 0x20, 0x20, 0x20, 0x20,
    0x20, 0x20, 0x20, 0x20, 0x20, 0x20, 0x20, 0x20, 0x20, 0x20, 0x20, 0x20, 0x20, 0x20, 0x20, 0x20,
    0x20, 0x20, 0x20, 0x20, 0x20, 0x20, 0x6f, 0x75, 0x74, 0x63, 0x20, 0x3d, 0x20, 0x28, 0x62, 0x61,
    0x63, 0x6b, 0x64, 0x72, 0x6f, 0x70, 0x28, 0x70, 0x61, 0x72, 0x61, 0x6d, 0x5f, 0x31, 0x33, 0x2c,
    0x20, 0x5f, 0x31, 0x31, 0x32, 0x29, 0x20, 0x2a, 0x20, 0x28, 0x31, 0x2e, 0x30, 0x20, 0x2d, 0x20,
    0x61, 0x29, 0x29, 0x20, 0x2b, 0x20, 0x28, 0x72, 0x67, 0x62, 0x20, 0x2a, 0x20, 0x61, 0x29, 0x3b,
    0x0a, 0x20, 0x20, 0x20, 0x20, 0x20, 0x20, 0x20, 0x20, 0x20, 0x20, 0x20, 0x20, 0x20, 0x20, 0x20,
    0x20, 0x20, 0x20, 0x20, 0x20, 0x20, 0x20, 0x20, 0x20, 0x7d, 0x0a, 0x20, 0x20, 0x20, 0x20, 0x20,
    0x20, 0x20, 0x20, 0x20, 0x20, 0x20, 0x20, 0x20, 0x20, 0x20, 0x20, 0x20, 0x20, 0x20, 0x20, 0x7d,
    0x0a, 0x20, 0x20, 0x20, 0x20, 0x20, 0x20, 0x20, 0x20, 0x20, 0x20, 0x20, 0x20, 0x20, 0x20, 0x20,
    0x20, 0x7d, 0x0a, 0x20, 0x20, 0x20, 0x20, 0x20, 0x20, 0x20, 0x20, 0x20, 0x20, 0x20, 0x20, 0x7d,
    0x0a, 0x20, 0x20, 0x20, 0x20, 0x20, 0x20, 0x20, 0x20, 0x7d, 0x0a, 0x20, 0x20, 0x20, 0x20, 0x7d,
    0x0a, 0x20, 0x20, 0x20, 0x20, 0x69, 0x66, 0x20, 0x28, 0x5f, 0x31, 0x31, 0x32, 0x2e, 0x6f, 0x63,
    0x74, 0x5f, 0x68, 0x69, 0x64, 0x65, 0x20, 0x3e, 0x20, 0x30, 0x2e, 0x30, 0x29, 0x0a, 0x20, 0x20,
    0x20, 0x20, 0x7b, 0x0a, 0x20, 0x20, 0x20, 0x20, 0x20, 0x20, 0x20, 0x20, 0x66, 0x6c, 0x6f, 0x61,
    0x74, 0x32, 0x20, 0x5f, 0x36, 0x30, 0x34, 0x20, 0x3d, 0x20, 0x61, 0x62, 0x73, 0x28, 0x28, 0x5f,
    0x33, 0x33, 0x32, 0x20, 0x2f, 0x20, 0x5f, 0x31, 0x31, 0x32, 0x2e, 0x69, 0x6d, 0x67, 0x5f, 0x73,
    0x69, 0x7a, 0x65, 0x29, 0x20, 0x2d, 0x20, 0x66, 0x6c, 0x6f, 0x61, 0x74, 0x32, 0x28, 0x30, 0x2e,
    0x35, 0x29, 0x29, 0x3b, 0x0a, 0x20, 0x20, 0x20, 0x20, 0x20, 0x20, 0x20, 0x20, 0x66, 0x6c, 0x6f,
    0x61, 0x74, 0x20, 0x5f, 0x36, 0x31, 0x33, 0x20, 0x3d, 0x20, 0x5f, 0x31, 0x31, 0x32, 0x2e, 0x6f,
    0x63, 0x74, 0x5f, 0x63, 0x72, 0x6f, 0x70, 0x20, 0x2f, 0x20, 0x66, 0x61, 0x73, 0x74, 0x3a, 0x3a,
    0x6d, 0x61, 0x78, 0x28, 0x31, 0x2e, 0x30, 0x20, 0x2d, 0x20, 0x5f, 0x31, 0x31, 0x32, 0x2e, 0x6f,
    0x63, 0x74, 0x5f, 0x63, 0x72, 0x6f, 0x70, 0x2c, 0x20, 0x30, 0x2e, 0x35, 0x29, 0x3b, 0x0a, 0x20,
    0x20, 0x20, 0x20, 0x20, 0x20, 0x20, 0x20, 0x66, 0x6c, 0x6f, 0x61, 0x74, 0x20, 0x5f, 0x36, 0x31,
    0x35, 0x20, 0x3d, 0x20, 0x5f, 0x36, 0x30, 0x34, 0x2e, 0x78, 0x3b, 0x0a, 0x20, 0x20, 0x20, 0x20,
    0x20, 0x20, 0x20, 0x20, 0x66, 0x6c, 0x6f, 0x61, 0x74, 0x20, 0x5f, 0x36, 0x31, 0x38, 0x20, 0x3d,
    0x20, 0x5f, 0x36, 0x30, 0x34, 0x2e, 0x79, 0x3b, 0x0a, 0x20, 0x20, 0x20, 0x20, 0x20, 0x20, 0x20,
    0x20, 0x69, 0x66, 0x20, 0x28, 0x66, 0x61, 0x73, 0x74, 0x3a, 0x3a, 0x6d, 0x61, 0x78, 0x28, 0x5f,
    0x36, 0x31, 0x35, 0x20, 0x2b, 0x20, 0x28, 0x5f, 0x36, 0x31, 0x33, 0x20, 0x2a, 0x20, 0x5f, 0x36,
    0x31, 0x38, 0x29, 0x2c, 0x20, 0x5f, 0x36, 0x31, 0x38, 0x20, 0x2b, 0x20, 0x28, 0x5f, 0x36, 0x31,
    0x33, 0x20, 0x2a, 0x20, 0x5f, 0x36, 0x31, 0x35, 0x29, 0x29, 0x20, 0x3e, 0x20, 0x30, 0x2e, 0x35,
    0x29, 0x0a, 0x20, 0x20, 0x20, 0x20, 0x20, 0x20, 0x20, 0x20, 0x7b, 0x0a, 0x20, 0x20, 0x20, 0x20,
    0x20, 0x20, 0x20, 0x20, 0x20, 0x20, 0x20, 0x20, 0x66, 0x6c, 0x6f, 0x61, 0x74, 0x32, 0x20, 0x70,
    0x61, 0x72, 0x61, 0x6d, 0x5f, 0x31, 0x34, 0x20, 0x3d, 0x20, 0x5f, 0x33, 0x31, 0x34, 0x3b, 0x0a,
    0x20, 0x20, 0x20, 0x20, 0x20, 0x20, 0x20, 0x20, 0x20, 0x20, 0x20, 0x20, 0x6f, 0x75, 0x74, 0x63,
    0x20, 0x3d, 0x20, 0x6d, 0x69, 0x78, 0x28, 0x6f, 0x75, 0x74, 0x63, 0x2c, 0x20, 0x62, 0x61, 0x63,
    0x6b, 0x64, 0x72, 0x6f, 0x70, 0x28, 0x70, 0x61, 0x72, 0x61, 0x6d, 0x5f, 0x31, 0x34, 0x2c, 0x20,
    0x5f, 0x31, 0x31, 0x32, 0x29, 0x2c, 0x20, 0x66, 0x6c, 0x6f, 0x61, 0x74, 0x33, 0x28, 0x5f, 0x31,
    0x31, 0x32, 0x2e, 0x6f, 0x63, 0x74, 0x5f, 0x68, 0x69, 0x64, 0x65, 0x29, 0x29, 0x3b, 0x0a, 0x20,
    0x20, 0x20, 0x20, 0x20, 0x20, 0x20, 0x20, 0x7d, 0x0a, 0x20, 0x20, 0x20, 0x20, 0x7d, 0x0a, 0x20,
    0x20, 0x20, 0x20, 0x72, 0x65, 0x74, 0x75, 0x72, 0x6e, 0x20, 0x66, 0x6c, 0x6f, 0x61, 0x74, 0x34,
    0x28, 0x6f, 0x75, 0x74, 0x63, 0x2c, 0x20, 0x31, 0x2e, 0x30, 0x29, 0x3b, 0x0a, 0x7d, 0x0a, 0x0a,
    0x73, 0x74, 0x61, 0x74, 0x69, 0x63, 0x20, 0x69, 0x6e, 0x6c, 0x69, 0x6e, 0x65, 0x20, 0x5f, 0x5f,
    0x61, 0x74, 0x74, 0x72, 0x69, 0x62, 0x75, 0x74, 0x65, 0x5f, 0x5f, 0x28, 0x28, 0x61, 0x6c, 0x77,
    0x61, 0x79, 0x73, 0x5f, 0x69, 0x6e, 0x6c, 0x69, 0x6e, 0x65, 0x29, 0x29, 0x0a, 0x66, 0x6c, 0x6f,
    0x61, 0x74, 0x33, 0x20, 0x6c, 0x69, 0x6e, 0x65, 0x61, 0x72, 0x5f, 0x74, 0x6f, 0x5f, 0x73, 0x72,
    0x67, 0x62, 0x28, 0x74, 0x68, 0x72, 0x65, 0x61, 0x64, 0x20, 0x63, 0x6f, 0x6e, 0x73, 0x74, 0x20,
    0x66, 0x6c, 0x6f, 0x61, 0x74, 0x33, 0x26, 0x20, 0x63, 0x29, 0x0a, 0x7b, 0x0a, 0x20, 0x20, 0x20,
    0x20, 0x72, 0x65, 0x74, 0x75, 0x72, 0x6e, 0x20, 0x6d, 0x69, 0x78, 0x28, 0x28, 0x70, 0x6f, 0x77,
    0x72, 0x28, 0x66, 0x61, 0x73, 0x74, 0x3a, 0x3a, 0x6d, 0x61, 0x78, 0x28, 0x63, 0x2c, 0x20, 0x66,
    0x6c, 0x6f, 0x61, 0x74, 0x33, 0x28, 0x30, 0x2e, 0x30, 0x29, 0x29, 0x2c, 0x20, 0x66, 0x6c, 0x6f,
    0x61, 0x74, 0x33, 0x28, 0x30, 0x2e, 0x34, 0x31, 0x36, 0x36, 0x36, 0x36, 0x36, 0x35, 0x36, 0x37,
    0x33, 0x32, 0x35, 0x35, 0x39, 0x32, 0x30, 0x34, 0x31, 0x30, 0x31, 0x35, 0x36, 0x32, 0x35, 0x29,
    0x29, 0x20, 0x2a, 0x20, 0x31, 0x2e, 0x30, 0x35, 0x34, 0x39, 0x39, 0x39, 0x39, 0x34, 0x37, 0x35,
    0x34, 0x37, 0x39, 0x31, 0x32, 0x35, 0x39, 0x37, 0x36, 0x35, 0x36, 0x32, 0x35, 0x29, 0x20, 0x2d,
    0x20, 0x66, 0x6c, 0x6f, 0x61, 0x74, 0x33, 0x28, 0x30, 0x2e, 0x30, 0x35, 0x34, 0x39, 0x39, 0x39,
    0x39, 0x39, 0x39, 0x37, 0x30, 0x31, 0x39, 0x37, 0x36, 0x37, 0x37, 0x36, 0x31, 0x32, 0x33, 0x30,
    0x34, 0x36, 0x38, 0x37, 0x35, 0x29, 0x2c, 0x20, 0x63, 0x20, 0x2a, 0x20, 0x31, 0x32, 0x2e, 0x39,
    0x32, 0x30, 0x30, 0x30, 0x30, 0x30, 0x37, 0x36, 0x32, 0x39, 0x33, 0x39, 0x34, 0x35, 0x33, 0x31,
    0x32, 0x35, 0x2c, 0x20, 0x73, 0x74, 0x65, 0x70, 0x28, 0x63, 0x2c, 0x20, 0x66, 0x6c, 0x6f, 0x61,
    0x74, 0x33, 0x28, 0x30, 0x2e, 0x30, 0x30, 0x33, 0x31, 0x33, 0x30, 0x38, 0x30, 0x30, 0x30, 0x39,
    0x30, 0x37, 0x33, 0x30, 0x31, 0x39, 0x30, 0x32, 0x37, 0x37, 0x30, 0x39, 0x39, 0x36, 0x30, 0x39,
    0x33, 0x37, 0x35, 0x29, 0x29, 0x29, 0x3b, 0x0a, 0x7d, 0x0a, 0x0a, 0x66, 0x72, 0x61, 0x67, 0x6d,
    0x65, 0x6e, 0x74, 0x20, 0x6d, 0x61, 0x69, 0x6e, 0x30, 0x5f, 0x6f, 0x75, 0x74, 0x20, 0x6d, 0x61,
    0x69, 0x6e, 0x30, 0x28, 0x63, 0x6f, 0x6e, 0x73, 0x74, 0x61, 0x6e, 0x74, 0x20, 0x70, 0x61, 0x72,
    0x61, 0x6d, 0x73, 0x26, 0x20, 0x5f, 0x31, 0x31, 0x32, 0x20, 0x5b, 0x5b, 0x62, 0x75, 0x66, 0x66,
    0x65, 0x72, 0x28, 0x30, 0x29, 0x5d, 0x5d, 0x2c, 0x20, 0x74, 0x65, 0x78, 0x74, 0x75, 0x72, 0x65,
    0x32, 0x64, 0x3c, 0x66, 0x6c, 0x6f, 0x61, 0x74, 0x3e, 0x20, 0x74, 0x65, 0x78, 0x20, 0x5b, 0x5b,
    0x74, 0x65, 0x78, 0x74, 0x75, 0x72, 0x65, 0x28, 0x30, 0x29, 0x5d, 0x5d, 0x2c, 0x20, 0x73, 0x61,
    0x6d, 0x70, 0x6c, 0x65, 0x72, 0x20, 0x73, 0x61, 0x6d, 0x70, 0x5f, 0x61, 0x6e, 0x69, 0x73, 0x6f,
    0x20, 0x5b, 0x5b, 0x73, 0x61, 0x6d, 0x70, 0x6c, 0x65, 0x72, 0x28, 0x30, 0x29, 0x5d, 0x5d, 0x2c,
    0x20, 0x73, 0x61, 0x6d, 0x70, 0x6c, 0x65, 0x72, 0x20, 0x73, 0x61, 0x6d, 0x70, 0x5f, 0x70, 0x6f,
    0x69, 0x6e, 0x74, 0x20, 0x5b, 0x5b, 0x73, 0x61, 0x6d, 0x70, 0x6c, 0x65, 0x72, 0x28, 0x31, 0x29,
    0x5d, 0x5d, 0x2c, 0x20, 0x66, 0x6c, 0x6f, 0x61, 0x74, 0x34, 0x20, 0x67, 0x6c, 0x5f, 0x46, 0x72,
    0x61, 0x67, 0x43, 0x6f, 0x6f, 0x72, 0x64, 0x20, 0x5b, 0x5b, 0x70, 0x6f, 0x73, 0x69, 0x74, 0x69,
    0x6f, 0x6e, 0x5d, 0x5d, 0x29, 0x0a, 0x7b, 0x0a, 0x20, 0x20, 0x20, 0x20, 0x6d, 0x61, 0x69, 0x6e,
    0x30, 0x5f, 0x6f, 0x75, 0x74, 0x20, 0x6f, 0x75, 0x74, 0x20, 0x3d, 0x20, 0x7b, 0x7d, 0x3b, 0x0a,
    0x20, 0x20, 0x20, 0x20, 0x66, 0x6c, 0x6f, 0x61, 0x74, 0x34, 0x20, 0x70, 0x61, 0x72, 0x61, 0x6d,
    0x20, 0x3d, 0x20, 0x67, 0x6c, 0x5f, 0x46, 0x72, 0x61, 0x67, 0x43, 0x6f, 0x6f, 0x72, 0x64, 0x3b,
    0x0a, 0x20, 0x20, 0x20, 0x20, 0x66, 0x6c, 0x6f, 0x61, 0x74, 0x34, 0x20, 0x5f, 0x36, 0x35, 0x32,
    0x20, 0x3d, 0x20, 0x73, 0x68, 0x61, 0x64, 0x65, 0x28, 0x70, 0x61, 0x72, 0x61, 0x6d, 0x2c, 0x20,
    0x5f, 0x31, 0x31, 0x32, 0x2c, 0x20, 0x74, 0x65, 0x78, 0x2c, 0x20, 0x73, 0x61, 0x6d, 0x70, 0x5f,
    0x70, 0x6f, 0x69, 0x6e, 0x74, 0x2c, 0x20, 0x73, 0x61, 0x6d, 0x70, 0x5f, 0x61, 0x6e, 0x69, 0x73,
    0x6f, 0x29, 0x3b, 0x0a, 0x20, 0x20, 0x20, 0x20, 0x66, 0x6c, 0x6f, 0x61, 0x74, 0x33, 0x20, 0x70,
    0x61, 0x72, 0x61, 0x6d, 0x5f, 0x31, 0x20, 0x3d, 0x20, 0x66, 0x61, 0x73, 0x74, 0x3a, 0x3a, 0x63,
    0x6c, 0x61, 0x6d, 0x70, 0x28, 0x5f, 0x36, 0x35, 0x32, 0x2e, 0x78, 0x79, 0x7a, 0x2c, 0x20, 0x66,
    0x6c, 0x6f, 0x61, 0x74, 0x33, 0x28, 0x30, 0x2e, 0x30, 0x29, 0x2c, 0x20, 0x66, 0x6c, 0x6f, 0x61,
    0x74, 0x33, 0x28, 0x31, 0x2e, 0x30, 0x29, 0x29, 0x3b, 0x0a, 0x20, 0x20, 0x20, 0x20, 0x6f, 0x75,
    0x74, 0x2e, 0x66, 0x72, 0x61, 0x67, 0x5f, 0x63, 0x6f, 0x6c, 0x6f, 0x72, 0x20, 0x3d, 0x20, 0x66,
    0x6c, 0x6f, 0x61, 0x74, 0x34, 0x28, 0x6c, 0x69, 0x6e, 0x65, 0x61, 0x72, 0x5f, 0x74, 0x6f, 0x5f,
    0x73, 0x72, 0x67, 0x62, 0x28, 0x70, 0x61, 0x72, 0x61, 0x6d, 0x5f, 0x31, 0x29, 0x2c, 0x20, 0x5f,
    0x36, 0x35, 0x32, 0x2e, 0x77, 0x29, 0x3b, 0x0a, 0x20, 0x20, 0x20, 0x20, 0x72, 0x65, 0x74, 0x75,
    0x72, 0x6e, 0x20, 0x6f, 0x75, 0x74, 0x3b, 0x0a, 0x7d, 0x0a, 0x0a, 0x00,
];
pub fn viewport_shader_desc(backend: sg::Backend) -> sg::ShaderDesc {
    let mut desc = sg::ShaderDesc::new();
    desc.label = c"viewport_shader".as_ptr();
    match backend {
        sg::Backend::D3d11 => {
            desc.vertex_func.source = &VS_MAIN_SOURCE_HLSL5 as *const _ as *const _;
            desc.vertex_func.d3d11_target = c"vs_5_0".as_ptr();
            desc.vertex_func.entry = c"main".as_ptr();
            desc.fragment_func.source = &PS_MAIN_SOURCE_HLSL5 as *const _ as *const _;
            desc.fragment_func.d3d11_target = c"ps_5_0".as_ptr();
            desc.fragment_func.entry = c"main".as_ptr();
            desc.uniform_blocks[0].stage = sg::ShaderStage::Fragment;
            desc.uniform_blocks[0].layout = sg::UniformLayout::Std140;
            desc.uniform_blocks[0].size = 128;
            desc.uniform_blocks[0].hlsl_register_b_n = 0;
            desc.views[0].texture.stage = sg::ShaderStage::Fragment;
            desc.views[0].texture.multisampled = false;
            desc.views[0].texture.image_type = sg::ImageType::Dim2;
            desc.views[0].texture.sample_type = sg::ImageSampleType::Float;
            desc.views[0].texture.hlsl_register_t_n = 0;
            desc.samplers[0].stage = sg::ShaderStage::Fragment;
            desc.samplers[0].sampler_type = sg::SamplerType::Filtering;
            desc.samplers[0].hlsl_register_s_n = 0;
            desc.samplers[1].stage = sg::ShaderStage::Fragment;
            desc.samplers[1].sampler_type = sg::SamplerType::Filtering;
            desc.samplers[1].hlsl_register_s_n = 1;
            desc.texture_sampler_pairs[0].stage = sg::ShaderStage::Fragment;
            desc.texture_sampler_pairs[0].view_slot = 0;
            desc.texture_sampler_pairs[0].sampler_slot = 1;
            desc.texture_sampler_pairs[1].stage = sg::ShaderStage::Fragment;
            desc.texture_sampler_pairs[1].view_slot = 0;
            desc.texture_sampler_pairs[1].sampler_slot = 0;
        }
        sg::Backend::MetalMacos => {
            desc.vertex_func.source = &VS_MAIN_SOURCE_METAL_MACOS as *const _ as *const _;
            desc.vertex_func.entry = c"main0".as_ptr();
            desc.fragment_func.source = &PS_MAIN_SOURCE_METAL_MACOS as *const _ as *const _;
            desc.fragment_func.entry = c"main0".as_ptr();
            desc.uniform_blocks[0].stage = sg::ShaderStage::Fragment;
            desc.uniform_blocks[0].layout = sg::UniformLayout::Std140;
            desc.uniform_blocks[0].size = 128;
            desc.uniform_blocks[0].msl_buffer_n = 0;
            desc.views[0].texture.stage = sg::ShaderStage::Fragment;
            desc.views[0].texture.multisampled = false;
            desc.views[0].texture.image_type = sg::ImageType::Dim2;
            desc.views[0].texture.sample_type = sg::ImageSampleType::Float;
            desc.views[0].texture.msl_texture_n = 0;
            desc.samplers[0].stage = sg::ShaderStage::Fragment;
            desc.samplers[0].sampler_type = sg::SamplerType::Filtering;
            desc.samplers[0].msl_sampler_n = 0;
            desc.samplers[1].stage = sg::ShaderStage::Fragment;
            desc.samplers[1].sampler_type = sg::SamplerType::Filtering;
            desc.samplers[1].msl_sampler_n = 1;
            desc.texture_sampler_pairs[0].stage = sg::ShaderStage::Fragment;
            desc.texture_sampler_pairs[0].view_slot = 0;
            desc.texture_sampler_pairs[0].sampler_slot = 1;
            desc.texture_sampler_pairs[1].stage = sg::ShaderStage::Fragment;
            desc.texture_sampler_pairs[1].view_slot = 0;
            desc.texture_sampler_pairs[1].sampler_slot = 0;
        }
        _ => {}
    }
    desc
}
